Column1;date;total_cases;new_cases;total_vaccinations;new_vaccinations;total_deaths;new_deaths;total_cases_per_million;new_cases_per_million;total_deaths_per_million;new_deaths_per_million;stringency_index;gdp_per_capita
222564;11.03.2020;10;10;;;;;12;12;;;2315;25129341
222565;12.03.2020;10;0;;;;;12;0;;;2315;25129341
222566;13.03.2020;50;40;;;;;59;47;;;2315;25129341
222567;14.03.2020;50;0;;;;;59;0;;;2315;25129341
222568;15.03.2020;60;10;;;;;7;12;;;2315;25129341
222569;16.03.2020;180;120;;;;;211;141;;;5278;25129341
222570;17.03.2020;470;290;;;10;10;551;34;12;12;5278;25129341
222571;18.03.2020;980;510;;;10;0;1148;598;12;0;5833;25129341
222572;19.03.2020;1920;940;;;30;20;225;1101;35;23;5833;25129341
222573;20.03.2020;3590;1670;;;40;10;4207;1957;47;12;5833;25129341
222574;21.03.2020;6700;3110;;;90;50;7851;3644;105;59;6204;25129341
222575;22.03.2020;12360;5660;;;300;210;14483;6632;352;246;6204;25129341
222576;23.03.2020;15290;2930;;;370;70;17916;3433;434;82;6204;25129341
222577;24.03.2020;18720;3430;;;440;70;21935;4019;516;82;6759;25129341
222578;25.03.2020;24330;5610;;;590;150;28509;6574;691;176;6759;25129341
222579;26.03.2020;36290;11960;;;750;160;42523;14014;879;187;6759;25129341
222580;27.03.2020;56980;20690;;;920;170;66767;24244;1078;199;7037;25129341
222581;28.03.2020;74020;17040;;;1080;160;86734;19967;1266;187;7593;25129341
222582;29.03.2020;92170;18150;;;1310;230;108002;21268;1535;27;7593;25129341
222583;30.03.2020;108270;16100;;;1680;370;126867;18865;1969;434;7593;25129341
222584;31.03.2020;135310;27040;;;2140;460;158552;31685;2508;539;7593;25129341
222585;1.04.2020;156790;21480;;;2770;630;183721;2517;3246;738;7593;25129341
222586;2.04.2020;181350;24560;;;3560;790;2125;28779;4171;926;7593;25129341
222587;3.04.2020;209210;27860;;;4250;690;245145;32645;498;809;7593;25129341
222588;4.04.2020;239340;30130;;;5010;760;280451;35305;5871;891;7593;25129341
222589;5.04.2020;270690;31350;;;5740;730;317185;36735;6726;855;7593;25129341
222590;6.04.2020;302170;31480;;;6490;750;354073;36887;7605;879;7593;25129341
222591;7.04.2020;341090;38920;;;7250;760;399678;45605;8495;891;7593;25129341
222592;8.04.2020;382260;41170;;;8120;870;447919;48242;9515;1019;7593;25129341
222593;9.04.2020;422820;40560;;;9080;960;495446;47527;1064;1125;7593;25129341
222594;10.04.2020;470290;47470;;;10060;980;55107;55624;11788;1148;7593;25129341
222595;11.04.2020;521670;51380;;;11010;950;611275;60205;12901;1113;7778;25129341
222596;12.04.2020;569560;47890;;;11980;970;667391;56116;14038;1137;7778;25129341
222597;13.04.2020;610490;40930;;;12960;980;715352;4796;15186;1148;7593;25129341
222598;14.04.2020;651110;40620;;;14030;1070;762949;47597;1644;1254;7593;25129341
222599;15.04.2020;693920;42810;;;15180;1150;813112;50163;17787;1348;7593;25129341
222600;16.04.2020;741930;48010;;;16430;1250;869369;56257;19252;1465;7593;25129341
222601;17.04.2020;785460;43530;;;17690;1260;920376;51007;20729;1476;7593;25129341
222602;18.04.2020;823290;37830;;;18900;1210;964703;44328;22146;1418;7778;25129341
222603;19.04.2020;863060;39770;;;20170;1270;1011305;46601;23635;1488;7778;25129341
222604;20.04.2020;909800;46740;;;21400;1230;1066073;54768;25076;1441;7593;25129341
222605;21.04.2020;955910;46110;;;22590;1190;1120103;5403;2647;1394;7593;25129341
222606;22.04.2020;986740;30830;;;23760;1170;1156229;36126;27841;1371;7593;25129341
222607;23.04.2020;1017900;31160;;;24910;1150;1192741;36512;29189;1348;7593;25129341
222608;24.04.2020;1049120;31220;;;26000;1090;1229323;36583;30466;1277;7593;25129341
222609;25.04.2020;1077730;28610;;;27060;1060;1262848;33524;31708;1242;7593;25129341
222610;26.04.2020;1101300;23570;;;28050;990;1290466;27619;32868;116;7593;25129341
222611;27.04.2020;1122610;21310;;;29000;950;1315437;2497;33981;1113;7593;25129341
222612;28.04.2020;1146530;23920;;;29920;920;1343465;28029;35059;1078;7593;25129341
222613;29.04.2020;1175890;29360;;;30810;890;1377868;34403;36102;1043;7593;25129341
222614;30.04.2020;1202040;26150;;;31740;930;140851;30642;37192;109;7593;25129341
222615;1.05.2020;1223920;21880;;;32580;840;1434148;25638;38176;984;7593;25129341
222616;2.05.2020;1243750;19830;;;33360;780;1457384;23236;3909;914;7593;25129341
222617;3.05.2020;1260450;16700;;;33970;610;1476953;19568;39805;715;7593;25129341
222618;4.05.2020;1276590;16140;;;34610;640;1495865;18912;40555;75;7593;25129341
222619;5.05.2020;1294910;18320;;;35200;590;1517332;21467;41246;691;7593;25129341
222620;6.05.2020;1317440;22530;;;35840;640;1543732;264;41996;75;7593;25129341
222621;7.05.2020;1337210;19770;;;36410;570;1566898;23166;42664;668;7593;25129341
222622;8.05.2020;1355690;18480;;;36890;480;1588552;21654;43226;562;7593;25129341
222623;9.05.2020;1371150;15460;;;37390;500;1606667;18116;43812;586;7593;25129341
222624;10.05.2020;1386570;15420;;;37860;470;1624736;18069;44363;551;7593;25129341
222625;11.05.2020;1397710;11140;;;38410;550;163779;13053;45008;644;7593;25129341
222626;12.05.2020;1414750;17040;;;38940;530;1657756;19967;45629;621;7593;25129341
222627;13.05.2020;1431140;16390;;;39520;580;1676962;19205;46308;68;7593;25129341
222628;14.05.2020;1447490;16350;;;40070;550;169612;19158;46953;644;7593;25129341
222629;15.05.2020;1464570;17080;;;40550;480;1716134;20014;47515;562;7593;25129341
222630;16.05.2020;1480670;16100;;;40960;410;1734999;18865;47996;48;7593;25129341
222631;17.05.2020;1494350;13680;;;41400;440;1751029;1603;48511;516;7593;25129341
222632;18.05.2020;1505930;11580;;;41710;310;1764598;13569;48874;363;7593;25129341
222633;19.05.2020;1516150;10220;;;41990;280;1776574;11975;49202;328;7593;25129341
222634;20.05.2020;1525870;9720;;;42220;230;1787963;1139;49472;27;7593;25129341
222635;21.05.2020;1535480;9610;;;42490;270;1799224;11261;49788;316;7593;25129341
222636;22.05.2020;1545000;9520;;;42760;270;1810379;11155;50105;316;7593;25129341
222637;23.05.2020;1556860;11860;;;43080;320;1824276;13897;5048;375;7593;25129341
222638;24.05.2020;1568270;11410;;;43400;320;1837646;1337;50855;375;7593;25129341
222639;25.05.2020;1578140;9870;;;43690;290;1849211;11565;51194;34;7593;25129341
222640;26.05.2020;1587620;9480;;;43970;280;186032;11108;51523;328;7593;25129341
222641;27.05.2020;1597970;10350;;;44310;340;1872447;12128;51921;398;7593;25129341
222642;28.05.2020;1609790;11820;;;44610;300;1886298;1385;52272;352;7593;25129341
222643;29.05.2020;1621200;11410;;;44890;280;1899668;1337;52601;328;7593;25129341
222644;30.05.2020;1631030;9830;;;45150;260;1911186;11518;52905;305;7593;25129341
222645;31.05.2020;1639420;8390;;;45400;250;1921017;9831;53198;293;7593;25129341
222646;1.06.2020;1647690;8270;;;45630;230;1930708;9691;53468;27;6389;25129341
222647;2.06.2020;1655550;7860;;;45850;220;1939918;921;53725;258;6389;25129341
222648;3.06.2020;1664220;8670;;;46090;240;1950077;10159;54007;281;6389;25129341
222649;4.06.2020;1674100;9880;;;46300;210;1961654;11577;54253;246;6389;25129341
222650;5.06.2020;1683400;9300;;;46480;180;1972551;10897;54464;211;6389;25129341
222651;6.06.2020;1692180;8780;;;46690;210;198284;10288;5471;246;6389;25129341
222652;7.06.2020;1701320;9140;;;46920;230;1993549;1071;54979;27;6389;25129341
222653;8.06.2020;1711210;9890;;;47110;190;2005138;11589;55202;223;6389;25129341
222654;9.06.2020;1721140;9930;;;47290;180;2016774;11636;55413;211;6389;25129341
222655;10.06.2020;1730360;9220;;;47460;170;2027578;10804;55612;199;6389;25129341
222656;11.06.2020;1740230;9870;;;47630;170;2039143;11565;55811;199;6389;25129341
222657;12.06.2020;1752180;11950;;;47780;150;2053146;14003;55987;176;6389;25129341
222658;13.06.2020;1766770;14590;;;47920;140;2070242;17096;56151;164;6389;25129341
222659;14.06.2020;1782390;15620;;;48070;150;2088545;18303;56327;176;6389;25129341
222660;15.06.2020;1798310;15920;;;48250;180;2107199;18655;56538;211;6389;25129341
222661;16.06.2020;1812980;14670;;;48420;170;2124389;1719;56737;199;6389;25129341
222662;17.06.2020;1827270;14290;;;48610;190;2141133;16745;5696;223;6389;25129341
222663;18.06.2020;1840310;13040;;;48820;210;2156413;1528;57206;246;6389;25129341
222664;19.06.2020;1852450;12140;;;49050;230;2170639;14225;57475;27;6389;25129341
222665;20.06.2020;1864930;12480;;;49270;220;2185262;14624;57733;258;6389;25129341
222666;21.06.2020;1876850;11920;;;49500;230;219923;13967;58002;27;6389;25129341
222667;22.06.2020;1888970;12120;;;49740;240;2213431;14202;58284;281;6389;25129341
222668;23.06.2020;1901650;12680;;;50010;270;2228289;14858;586;316;6389;25129341
222669;24.06.2020;1916570;14920;;;50250;240;2245772;17483;58881;281;6389;25129341
222670;25.06.2020;1931150;14580;;;50460;210;2262857;17084;59127;246;6389;25129341
222671;26.06.2020;1945110;13960;;;50650;190;2279214;16358;5935;223;6389;25129341
222672;27.06.2020;1958830;13720;;;50820;170;2295291;16077;59549;199;6389;25129341
222673;28.06.2020;1972390;13560;;;50970;150;231118;15889;59725;176;6389;25129341
222674;29.06.2020;1986130;13740;;;51150;180;232728;161;59936;211;6389;25129341
222675;30.06.2020;1999060;12930;;;51310;160;2342431;15151;60123;187;6389;25129341
222676;1.07.2020;2010980;11920;;;51500;190;2356399;13967;60346;223;6389;25129341
222677;2.07.2020;2022840;11860;;;51670;170;2370296;13897;60545;199;6389;25129341
222678;3.07.2020;2034560;11720;;;51860;190;2384029;13733;60768;223;6389;25129341
222679;4.07.2020;2046100;11540;;;52060;200;2397551;13522;61002;234;6389;25129341
222680;5.07.2020;2057580;11480;;;52250;190;2411003;13452;61225;223;6389;25129341
222681;6.07.2020;2068440;10860;;;52410;160;2423728;12725;61412;187;6389;25129341
222682;7.07.2020;2078970;10530;;;52600;190;2436067;12339;61635;223;6389;25129341
222683;8.07.2020;2089380;10410;;;52820;220;2448265;12198;61893;258;6389;25129341
222684;9.07.2020;2099620;10240;;;53000;180;2460264;11999;62104;211;6389;25129341
222685;10.07.2020;2109650;10030;;;53230;230;2472017;11753;62373;27;6389;25129341
222686;11.07.2020;2119810;10160;;;53440;210;2483922;11905;62619;246;6389;25129341
222687;12.07.2020;2129930;10120;;;53630;190;249578;11858;62842;223;6389;25129341
222688;13.07.2020;2140010;10080;;;53820;190;2507592;11811;63064;223;6389;25129341
222689;14.07.2020;2149930;9920;;;54020;200;2519216;11624;63299;234;6389;25129341
222690;15.07.2020;2159400;9470;;;54190;170;2530312;11097;63498;199;6389;25129341
222691;16.07.2020;2168730;9330;;;54400;210;2541245;10933;63744;246;6389;25129341
222692;17.07.2020;2177990;9260;;;54580;180;2552095;10851;63955;211;6389;25129341
222693;18.07.2020;2187170;9180;;;54750;170;2562852;10757;64154;199;6389;25129341
222694;19.07.2020;2196410;9240;;;54910;160;2573679;10827;64342;187;6389;25129341
222695;20.07.2020;2205720;9310;;;55080;170;2584588;10909;64541;199;6389;25129341
222696;21.07.2020;2215000;9280;;;55260;180;2595462;10874;64752;211;6389;25129341
222697;22.07.2020;2224020;9020;;;55450;190;2606032;10569;64974;223;4259;25129341
222698;23.07.2020;2233150;9130;;;55630;180;261673;10698;65185;211;4259;25129341
222699;24.07.2020;2242520;9370;;;55800;170;2627709;10979;65385;199;4259;25129341
222700;25.07.2020;2251730;9210;;;55960;160;2638501;10792;65572;187;4259;25129341
222701;26.07.2020;2261000;9270;;;56130;170;2649364;10862;65771;199;4259;25129341
222702;27.07.2020;2270190;9190;;;56300;170;2660132;10769;6597;199;4259;25129341
222703;28.07.2020;2279820;9630;;;56450;150;2671416;11284;66146;176;4259;25129341
222704;29.07.2020;2289240;9420;;;56590;140;2682454;11038;6631;164;4259;25129341
222705;30.07.2020;2298910;9670;;;56740;150;2693785;11331;66486;176;4259;25129341
222706;31.07.2020;2308730;9820;;;56910;170;2705292;11507;66685;199;4259;25129341
222707;1.08.2020;2318690;9960;;;57100;190;2716963;11671;66908;223;4259;25129341
222708;2.08.2020;2328560;9870;;;57280;180;2728528;11565;67119;211;4259;25129341
222709;3.08.2020;2338510;9950;;;57470;190;2740187;11659;67341;223;4259;25129341
222710;4.08.2020;2349340;10830;;;57650;180;2752877;1269;67552;211;4259;25129341
222711;5.08.2020;2361120;11780;;;57840;190;2766681;13803;67775;223;4815;25129341
222712;6.08.2020;2372650;11530;;;57980;140;2780191;1351;67939;164;4815;25129341
222713;7.08.2020;2384500;11850;;;58130;150;2794077;13885;68115;176;4815;25129341
222714;8.08.2020;2396220;11720;;;58290;160;280781;13733;68302;187;4815;25129341
222715;9.08.2020;2408040;11820;;;58440;150;282166;1385;68478;176;4815;25129341
222716;10.08.2020;2419970;11930;;;58580;140;2835639;13979;68642;164;4815;25129341
222717;11.08.2020;2431800;11830;;;58730;150;2849501;13862;68818;176;4815;25129341
222718;12.08.2020;2443920;12120;;;58910;180;2863703;14202;69029;211;4815;25129341
222719;13.08.2020;2456350;12430;;;59120;210;2878268;14565;69275;246;4815;25129341
222720;14.08.2020;2468610;12260;;;59340;220;2892634;14366;69533;258;4815;25129341
222721;15.08.2020;2481170;12560;;;59550;210;2907351;14717;69779;246;4815;25129341
222722;16.08.2020;2493090;11920;;;59740;190;2921319;13967;70001;223;4815;25129341
222723;17.08.2020;2505420;12330;;;59960;220;2935767;14448;70259;258;4815;25129341
222724;18.08.2020;2518050;12630;;;60160;200;2950566;14799;70493;234;4815;25129341
222725;19.08.2020;2531080;13030;;;60390;230;2965834;15268;70763;27;4815;25129341
222726;20.08.2020;2545200;14120;;;60580;190;298238;16545;70986;223;4815;25129341
222727;21.08.2020;2557230;12030;;;60800;220;2996476;14096;71243;258;4815;25129341
222728;22.08.2020;2570320;13090;;;61020;220;3011814;15338;71501;258;4815;25129341
222729;23.08.2020;2582490;12170;;;61210;190;3026075;1426;71724;223;4815;25129341
222730;24.08.2020;2596920;14430;;;61390;180;3042983;16909;71935;211;4815;25129341
222731;25.08.2020;2611940;15020;;;61630;240;3060583;176;72216;281;4815;25129341
222732;26.08.2020;2625070;13130;;;61830;200;3075969;15385;7245;234;4815;25129341
222733;27.08.2020;2639980;14910;;;62090;260;309344;17471;72755;305;4815;25129341
222734;28.08.2020;2655150;15170;;;62450;360;3111215;17776;73177;422;4815;25129341
222735;29.08.2020;2670640;15490;;;62840;390;3129366;18151;73634;457;4815;25129341
222736;30.08.2020;2685460;14820;;;63260;420;3146732;17366;74126;492;4815;25129341
222737;31.08.2020;2701330;15870;;;63700;440;3165328;18596;74642;516;4815;25129341
222738;1.09.2020;2717050;15720;;;64170;470;3183748;1842;75192;551;4444;25129341
222739;2.09.2020;2733010;15960;;;64620;450;3202449;18701;7572;527;4444;25129341
222740;3.09.2020;2749430;16420;;;65110;490;3221689;1924;76294;574;4444;25129341
222741;4.09.2020;2765550;16120;;;65640;530;3240578;18889;76915;621;4722;25129341
222742;5.09.2020;2782280;16730;;;66200;560;3260182;19604;77571;656;4722;25129341
222743;6.09.2020;2798060;15780;;;66730;530;3278672;1849;78192;621;4722;25129341
222744;7.09.2020;2815090;17030;;;67300;570;3298628;19955;7886;668;4722;25129341
222745;8.09.2020;2832700;17610;;;67820;520;3319262;20635;79469;609;4722;25129341
222746;9.09.2020;2849430;16730;;;68370;550;3338866;19604;80114;644;5278;25129341
222747;10.09.2020;2864550;15120;;;68950;580;3356583;17717;80793;68;6389;25129341
222748;11.09.2020;2881260;16710;;;69510;560;3376163;1958;81449;656;6389;25129341
222749;12.09.2020;2896350;15090;;;69990;480;3393845;17682;82012;562;7361;25129341
222750;13.09.2020;2911620;15270;;;70560;570;3411738;17893;8268;668;7361;25129341
222751;14.09.2020;2928780;17160;;;71190;630;3431846;20108;83418;738;7361;25129341
222752;15.09.2020;2946200;17420;;;71860;670;3452258;20412;84203;785;7361;25129341
222753;16.09.2020;2963910;17710;;;72490;630;347301;20752;84941;738;7361;25129341
222754;17.09.2020;2980390;16480;;;73150;660;3492321;19311;85715;773;7361;25129341
222755;18.09.2020;2998100;17710;;;73770;620;3513073;20752;86441;726;7361;25129341
222756;19.09.2020;3013480;15380;;;74450;680;3531094;18022;87238;797;7361;25129341
222757;20.09.2020;3028670;15190;;;75060;610;3548893;17799;87953;715;7361;25129341
222758;21.09.2020;3046100;17430;;;75740;680;3569317;20424;8875;797;6991;25129341
222759;22.09.2020;3063020;16920;;;76390;650;3589144;19826;89511;762;6991;25129341
222760;23.09.2020;3080690;17670;;;77110;720;3609849;20705;90355;844;6991;25129341
222761;24.09.2020;3097900;17210;;;77850;740;3630015;20166;91222;867;6991;25129341
222762;25.09.2020;3114550;16650;;;78580;730;3649525;1951;92077;855;6991;25129341
222763;26.09.2020;3129660;15110;;;79290;710;366723;17705;92909;832;6991;25129341
222764;27.09.2020;3144330;14670;;;79970;680;368442;1719;93706;797;6991;25129341
222765;28.09.2020;3158450;14120;;;80620;650;3700965;16545;94468;762;6991;25129341
222766;29.09.2020;3172720;14270;;;81300;680;3717686;16721;95265;797;6991;25129341
222767;30.09.2020;3186630;13910;;;81950;650;3733986;16299;96026;762;6991;25129341
222768;1.10.2020;3200700;14070;;;82620;670;3750472;16487;96811;785;6991;25129341
222769;2.10.2020;3215120;14420;;;83250;630;3767369;16897;9755;738;6991;25129341
222770;3.10.2020;3230140;15020;;;83840;590;3784969;176;98241;691;6991;25129341
222771;4.10.2020;3244430;14290;;;84410;570;3801714;16745;98909;668;6991;25129341
222772;5.10.2020;3260460;16030;;;84980;570;3820497;18783;99577;668;6991;25129341
222773;6.10.2020;3275570;15110;;;85530;550;3838203;17705;100221;644;7176;25129341
222774;7.10.2020;3291380;15810;;;86090;560;3856728;18526;100877;656;7176;25129341
222775;8.10.2020;3307530;16150;;;86670;580;3875652;18924;101557;68;7176;25129341
222776;9.10.2020;3323820;16290;;;87220;550;389474;19088;102201;644;7176;25129341
222777;10.10.2020;3340310;16490;;;87780;560;3914063;19322;102858;656;7176;25129341
222778;11.10.2020;3355330;15020;;;88370;590;3931663;176;103549;691;7176;25129341
222779;12.10.2020;3371470;16140;;;88950;580;3950575;18912;104229;68;7176;25129341
222780;13.10.2020;3387790;16320;;;89570;620;3969698;19123;104955;726;7176;25129341
222781;14.10.2020;3404500;16710;;;90140;570;3989278;1958;105623;668;7176;25129341
222782;15.10.2020;3421430;16930;;;90800;660;4009116;19838;106396;773;7176;25129341
222783;16.10.2020;3439550;18120;;;91530;730;4030349;21232;107252;855;6991;25129341
222784;17.10.2020;3456780;17230;;;92240;710;4050538;2019;108084;832;6991;25129341
222785;18.10.2020;3474930;18150;;;92960;720;4071806;21268;108927;844;6991;25129341
222786;19.10.2020;3495190;20260;;;93710;750;4095546;2374;109806;879;6991;25129341
222787;20.10.2020;3514130;18940;;;94450;740;4117739;22193;110673;867;6991;25129341
222788;21.10.2020;3534260;20130;;;95130;680;4141327;23588;11147;797;6991;25129341
222789;22.10.2020;3555280;21020;;;95840;710;4165957;24631;112302;832;6991;25129341
222790;23.10.2020;3576930;21650;;;96580;740;4191326;25369;113169;867;6991;25129341
222791;24.10.2020;3597840;20910;;;97270;690;4215828;24502;113978;809;6991;25129341
222792;25.10.2020;3618010;20170;;;97990;720;4239462;23635;114821;844;6991;25129341
222793;26.10.2020;3639990;21980;;;98740;750;4265218;25755;1157;879;6991;25129341
222794;27.10.2020;3662080;22090;;;99500;760;4291102;25884;116591;891;6991;25129341
222795;28.10.2020;3685130;23050;;;100270;770;4318111;27009;117493;902;6991;25129341
222796;29.10.2020;3708320;23190;;;100990;720;4345284;27173;118337;844;625;25129341
222797;30.10.2020;3731540;23220;;;101770;780;4372493;27208;119251;914;625;25129341
222798;31.10.2020;3753670;22130;;;102520;750;4398424;25931;120129;879;625;25129341
222799;1.11.2020;3774730;21060;;;103260;740;4423101;24677;120997;867;625;25129341
222800;2.11.2020;3797750;23020;;;104020;760;4450076;26974;121887;891;625;25129341
222801;3.11.2020;3821180;23430;;;104810;790;447753;27454;122813;926;625;25129341
222802;4.11.2020;3845090;23910;;;105580;770;4505547;28017;123715;902;625;25129341
222803;5.11.2020;3868200;23110;;;106390;810;4532626;2708;124664;949;625;25129341
222804;6.11.2020;3892560;24360;;;107220;830;4561171;28544;125637;973;625;25129341
222805;7.11.2020;3917390;24830;;;108030;810;4590266;29095;126586;949;625;25129341
222806;8.11.2020;3942550;25160;;;108870;840;4619747;29482;12757;984;625;25129341
222807;9.11.2020;3968310;25760;;;109720;850;4649932;30185;128566;996;625;25129341
222808;10.11.2020;3993600;25290;;;110590;870;4679566;29634;129586;1019;625;25129341
222809;11.11.2020;4020530;26930;;;111450;860;4711122;31556;130593;1008;625;25129341
222810;12.11.2020;4048940;28410;;;112330;880;4744412;3329;131625;1031;625;25129341
222811;13.11.2020;4079390;30450;;;113260;930;4780092;3568;132714;109;625;25129341
222812;14.11.2020;4110550;31160;;;114180;920;4816604;36512;133792;1078;625;25129341
222813;15.11.2020;4142780;32230;;;115070;890;485437;37766;134835;1043;625;25129341
222814;16.11.2020;4175940;33160;;;116010;940;4893226;38856;135937;1101;625;25129341
222815;17.11.2020;4214130;38190;;;117040;1030;4937976;4475;137144;1207;625;25129341
222816;18.11.2020;4256280;42150;;;118200;1160;4987366;4939;138503;1359;625;25129341
222817;19.11.2020;4301700;45420;;;119430;1230;5040587;53222;139944;1441;625;25129341
222818;20.11.2020;4352730;51030;;;120840;1410;5100382;59795;141596;1652;662;25129341
222819;21.11.2020;4408050;55320;;;122190;1350;5165205;64822;143178;1582;662;25129341
222820;22.11.2020;4468220;60170;;;123580;1390;523571;70505;144807;1629;662;25129341
222821;23.11.2020;4535350;67130;;;125110;1530;531437;78661;1466;1793;662;25129341
222822;24.11.2020;4609160;73810;;;126720;1610;5400858;86488;148486;1887;662;25129341
222823;25.11.2020;4677300;68140;;;128400;1680;5480703;79844;150455;1969;662;25129341
222824;26.11.2020;5037380;360080;;;130140;1740;5902632;42193;152494;2039;662;25129341
222825;27.11.2020;5482440;445060;;;131910;1770;6424139;521506;154568;2074;662;25129341
222826;28.11.2020;5783470;301030;;;133730;1820;6776875;352737;1567;2133;662;25129341
222827;29.11.2020;6076280;292810;;;135580;1850;711998;343105;158868;2168;662;25129341
222828;30.11.2020;6388470;312190;;;137460;1880;7485794;365814;161071;2203;662;25129341
222829;1.12.2020;6689570;301100;;;139360;1900;7838613;352819;163297;2226;662;25129341
222830;2.12.2020;7008800;319230;;;141290;1930;8212676;374063;165559;2262;662;25129341
222831;3.12.2020;7332610;323810;;;143160;1870;8592105;37943;16775;2191;662;25129341
222832;4.12.2020;7659970;327360;;;145090;1930;8975695;383589;170012;2262;662;25129341
222833;5.12.2020;7978930;318960;;;147050;1960;9349441;373747;172308;2297;662;25129341
222834;6.12.2020;8282950;304020;;;149000;1950;9705682;35624;174593;2285;662;25129341
222835;7.12.2020;8604320;321370;;;151030;2030;10082252;376571;176972;2379;625;25129341
222836;8.12.2020;8936300;331980;;;153140;2110;10471255;389003;179444;2472;625;25129341
222837;9.12.2020;9253420;317120;;;155310;2170;10842846;371591;181987;2543;625;25129341
222838;10.12.2020;17485670;;;;157510;2200;20489119;;184565;2578;625;25129341
222839;11.12.2020;17806730;321060;;;159770;2260;20865326;376207;187213;2648;625;25129341
222840;12.12.2020;18098090;291360;;;161990;2220;21206732;341406;189814;2601;625;25129341
222841;13.12.2020;18367280;269190;;;164170;2180;2152216;315428;192369;2554;625;25129341
222842;14.12.2020;18663450;296170;;;166460;2290;21869202;347042;195052;2683;625;25129341
222843;15.12.2020;18984470;321020;;;168810;2350;22245363;37616;197806;2754;625;25129341
222844;16.12.2020;19281650;297180;;;171210;2400;22593588;348226;200618;2812;625;25129341
222845;17.12.2020;19556800;275150;;;173640;2430;229160;322412;203466;2847;625;25129341
222846;18.12.2020;19820900;264100;;;176100;2460;23225463;309463;206348;2883;625;25129341
222847;19.12.2020;20042850;221950;;;178510;2410;23485537;260074;209172;2824;625;25129341
222848;20.12.2020;20246010;203160;;;180970;2460;23723593;238056;212055;2883;625;25129341
222849;21.12.2020;20437040;191030;;;183510;2540;23947435;223843;215031;2976;625;25129341
222850;22.12.2020;20629600;192560;;;186020;2510;2417307;225635;217972;2941;625;25129341
222851;23.12.2020;20826100;196500;;;188610;2590;24403323;230252;221007;3035;625;25129341
222852;24.12.2020;21007120;181020;;;191150;2540;24615436;212113;223983;2976;625;25129341
222853;25.12.2020;21182550;175430;;;193710;2560;24820999;205563;226983;30;625;25129341
222854;26.12.2020;21333730;151180;;;196240;2530;24998146;177148;229947;2965;625;25129341
222855;27.12.2020;21475780;142050;;;198780;2540;25164596;166449;232924;2976;625;25129341
222856;28.12.2020;21627750;151970;;;201350;2570;25342669;178073;235935;3011;625;25129341
222857;29.12.2020;21785800;158050;;;203880;2530;25527867;185198;2389;2965;625;25129341
222858;30.12.2020;21942720;156920;;;206420;2540;2571174;183874;241876;2976;6528;25129341
222859;31.12.2020;22086520;143800;;;208810;2390;2588024;1685;244677;2801;8009;25129341
222860;1.01.2021;22208550;122030;;;210930;2120;26023231;142991;247161;2484;8009;25129341
222861;2.01.2021;22320350;111800;;;212950;2020;26154234;131003;249528;2367;8009;25129341
222862;3.01.2021;22419120;98770;;;214880;1930;2626997;115735;251789;2262;8009;25129341
222863;4.01.2021;22556070;136950;;;216850;1970;26430443;160473;254098;2308;8009;25129341
222864;5.01.2021;22701010;144940;;;218790;1940;26600279;169836;256371;2273;8009;25129341
222865;6.01.2021;22839310;138300;;;220700;1910;26762334;162055;258609;2238;6528;25129341
222866;7.01.2021;22961020;121710;;;222640;1940;2690495;142616;260882;2273;6528;25129341
222867;8.01.2021;23075810;114790;;;224500;1860;27039457;134507;263062;2179;6528;25129341
222868;9.01.2021;23171180;95370;;;226310;1810;27151208;111751;265182;2121;6528;25129341
222869;10.01.2021;23262560;91380;;;228070;1760;27258284;107076;267245;2062;6528;25129341
222870;11.01.2021;23364760;102200;;;229810;1740;27378039;119755;269284;2039;6528;25129341
222871;12.01.2021;23462850;98090;;;231520;1710;27492977;114939;271287;2004;6528;25129341
222872;13.01.2021;23558390;95540;0.0;;233250;1730;27604928;111951;273314;2027;6528;25129341
222873;14.01.2021;23648010;89620;279452.0;279452.0;234950;1700;27709942;105014;275306;1992;6528;25129341
222874;15.01.2021;23731150;83140;616652.0;337200.0;236640;1690;27807362;97421;277287;198;7361;25129341
222875;16.01.2021;23806650;75500;676903.0;60251.0;238320;1680;27895831;88468;279255;1969;7361;25129341
222876;17.01.2021;23871010;64360;706451.0;29548.0;239970;1650;27971246;75415;281189;1933;7361;25129341
222877;18.01.2021;23929630;58620;832412.0;125961.0;241610;1640;28039934;68689;28311;1922;7361;25129341
222878;19.01.2021;23997810;68180;950635.0;118223.0;243280;1670;28119825;79891;285067;1957;7361;25129341
222879;20.01.2021;24062160;64350;1052493.0;101858.0;244870;1590;28195229;75403;28693;1863;7361;25129341
222880;21.01.2021;24125050;62890;1120258.0;67765.0;246400;1530;28268921;73692;288723;1793;7361;25129341
222881;22.01.2021;24184720;59670;1202212.0;81954.0;247890;1490;2833884;69919;290469;1746;7361;25129341
222882;23.01.2021;24243280;58560;1226883.0;24671.0;249330;1440;28407459;68619;292156;1687;7361;25129341
222883;24.01.2021;24296050;52770;1244653.0;17770.0;250730;1400;28469293;61834;293797;164;7361;25129341
222884;25.01.2021;24352470;56420;1302753.0;58100.0;252100;1370;28535404;66111;295402;1605;6435;25129341
222885;26.01.2021;24423500;71030;1410273.0;107520.0;253440;1340;28618635;83231;296972;157;6991;25129341
222886;27.01.2021;24498390;74890;1522580.0;112307.0;254760;1320;28706388;87754;298519;1547;6991;25129341
222887;28.01.2021;24571180;72790;1697575.0;174995.0;256050;1290;28791681;85293;300031;1512;6991;25129341
222888;29.01.2021;24640300;69120;1928351.0;230776.0;257360;1310;28872674;80992;301566;1535;6991;25129341
222889;30.01.2021;24709010;68710;1960860.0;32509.0;258650;1290;28953186;80512;303077;1512;7361;25129341
222890;31.01.2021;24774630;65620;1986237.0;25377.0;259930;1280;29030077;76891;304577;15;7361;25129341
222891;1.02.2021;24851820;77190;2136299.0;150062.0;261170;1240;29120526;90449;30603;1453;6806;25129341
222892;2.02.2021;24929770;77950;2229233.0;92934.0;262370;1200;29211865;91339;307436;1406;6806;25129341
222893;3.02.2021;25010790;81020;2343280.0;114047.0;263540;1170;29306801;94937;308807;1371;6806;25129341
222894;4.02.2021;25089880;79090;2500806.0;157526.0;264670;1130;29399476;92675;310131;1324;6806;25129341
222895;5.02.2021;25168890;79010;2559802.0;58996.0;265770;1100;29492058;92581;31142;1289;6806;25129341
222896;6.02.2021;25247860;78970;2601717.0;41915.0;266850;1080;29584592;92534;312686;1266;6806;25129341
222897;7.02.2021;25314560;66700;2610496.0;8779.0;267970;1120;29662749;78157;313998;1312;6806;25129341
222898;8.02.2021;25395590;81030;2664203.0;53707.0;269000;1030;29757697;94948;315205;1207;6944;25129341
222899;9.02.2021;25481950;86360;2732709.0;68506.0;269980;980;29858891;101194;316353;1148;6944;25129341
222900;10.02.2021;25568370;86420;2795116.0;62407.0;270930;950;29960155;101264;317467;1113;6944;25129341
222901;11.02.2021;25644270;75900;2846125.0;51009.0;271870;940;30049092;88937;318568;1101;6944;25129341
222902;12.02.2021;25721900;77630;3404354.0;558229.0;272840;970;30140056;90964;319705;1137;6944;25129341
222903;13.02.2021;25798960;77060;3709896.0;305542.0;273770;930;30230352;90296;320794;109;6944;25129341
222904;14.02.2021;25861830;62870;3825101.0;115205.0;274710;940;30304021;73669;321896;1101;6944;25129341
222905;15.02.2021;25941280;79450;4182027.0;356926.0;275620;910;30397118;93097;322962;1066;7222;25129341
222906;16.02.2021;26020340;79060;4630784.0;448757.0;276520;900;30489758;9264;324017;1055;7222;25129341
222907;17.02.2021;26093590;73250;5223602.0;592818.0;277380;860;3057559;85832;325025;1008;7222;25129341
222908;18.02.2021;26166000;72410;5895295.0;671693.0;278210;830;30660437;84848;325997;973;7222;25129341
222909;19.02.2021;26240190;74190;6361699.0;466404.0;279030;820;30747371;86933;326958;961;7222;25129341
222910;20.02.2021;26318760;78570;6533510.0;171811.0;279830;800;30839437;92066;327895;937;7222;25129341
222911;21.02.2021;26384220;65460;6571830.0;38320.0;280600;770;3091614;76704;328798;902;7222;25129341
222912;22.02.2021;26465260;81040;6837302.0;265472.0;281380;780;310111;9496;329712;914;7222;25129341
222913;23.02.2021;26556330;91070;7289498.0;452196.0;282130;750;31117813;106713;33059;879;7222;25129341
222914;24.02.2021;26651940;95610;7619695.0;330197.0;282850;720;31229846;112033;331434;844;7222;25129341
222915;25.02.2021;26747660;95720;7979726.0;360031.0;283580;730;31342007;112161;332289;855;7222;25129341
222916;26.02.2021;26839710;92050;8298805.0;319079.0;284320;740;31449868;107861;333157;867;7222;25129341
222917;27.02.2021;26931640;91930;8514775.0;215970.0;285030;710;31557589;10772;333989;832;7222;25129341
222918;28.02.2021;27015880;84240;8547875.0;33100.0;285690;660;31656298;9871;334762;773;7222;25129341
222919;1.03.2021;27114790;98910;8774718.0;226843.0;286380;690;31772198;115899;33557;809;6667;25129341
222920;2.03.2021;27233160;118370;9073640.0;298922.0;287060;680;319109;138702;336367;797;6481;25129341
222921;3.03.2021;27348360;115200;9317546.0;243906.0;287710;650;32045887;134987;337129;762;6481;25129341
222922;4.03.2021;27461580;113220;9560038.0;242492.0;288390;680;32178555;132667;337926;797;6481;25129341
222923;5.03.2021;27574600;113020;9756289.0;196251.0;289010;620;32310988;132433;338652;726;6481;25129341
222924;6.03.2021;27692300;117700;9883607.0;127318.0;289650;640;32448904;137917;339402;75;6481;25129341
222925;7.03.2021;27804170;111870;9917348.0;33741.0;290300;650;3257999;131085;340164;762;6481;25129341
222926;8.03.2021;27936320;132150;10001980.0;84632.0;290940;640;32734839;154849;340914;75;6481;25129341
222927;9.03.2021;28073870;137550;10222994.0;221014.0;291600;660;32896015;161176;341687;773;7222;25129341
222928;10.03.2021;28219430;145560;10360283.0;137289.0;292270;670;33066578;170562;342472;785;7222;25129341
222929;11.03.2021;28359890;140460;10502494.0;142211.0;292900;630;33231164;164586;34321;738;7222;25129341
222930;12.03.2021;28509300;149410;10742277.0;239783.0;293560;660;33406238;175074;343984;773;7222;25129341
222931;13.03.2021;28660120;150820;10923284.0;181007.0;294210;650;33582963;176726;344745;762;7222;25129341
222932;14.03.2021;28793900;133780;10992095.0;68811.0;294890;680;33739722;156759;345542;797;7222;25129341
222933;15.03.2021;28948930;155030;11261612.0;269517.0;295520;630;33921381;181659;34628;738;7222;25129341
222934;16.03.2021;29116420;167490;11696296.0;434684.0;296230;710;3411764;196259;347112;832;7222;25129341
222935;17.03.2021;29305540;189120;12142245.0;445949.0;296960;730;34339245;221604;347968;855;7222;25129341
222936;18.03.2021;29506030;200490;12431482.0;289237.0;297770;810;34574172;234927;348917;949;7222;25129341
222937;19.03.2021;29716330;210300;12844577.0;413095.0;298640;870;34820595;246422;349936;1019;7222;25129341
222938;20.03.2021;29926940;210610;13029754.0;185177.0;299590;950;3506738;246786;351049;1113;7222;25129341
222939;21.03.2021;30131220;204280;13057722.0;27968.0;300610;1020;35306749;239368;352245;1195;7222;25129341
222940;22.03.2021;30353380;222160;13265952.0;208230.0;301780;1170;35567068;26032;353616;1371;7222;25129341
222941;23.03.2021;30615200;261820;13589167.0;323215.0;303160;1380;3587386;306792;355233;1617;7222;25129341
222942;24.03.2021;30912820;297620;13969867.0;380700.0;304620;1460;36222601;348741;356943;1711;7222;25129341
222943;25.03.2021;31200130;287310;14227410.0;257543.0;306190;1570;36559261;33666;358783;184;7222;25129341
222944;26.03.2021;31490940;290810;14491247.0;263837.0;307720;1530;36900023;340761;360576;1793;7222;25129341
222945;27.03.2021;31791150;300210;14652659.0;161412.0;309230;1510;37251799;351776;362345;1769;7222;25129341
222946;28.03.2021;32081730;290580;;;310760;1530;37592291;340492;364138;1793;7222;25129341
222947;29.03.2021;32405770;324040;14949260.0;;312300;1540;3797199;379699;365943;1805;7222;25129341
222948;30.03.2021;32778800;373030;15301462.0;352202.0;313850;1550;38409094;437104;367759;1816;7222;25129341
222949;31.03.2021;33171820;393020;15834787.0;533325.0;315370;1520;38869621;460528;36954;1781;7222;25129341
222950;1.04.2021;33579880;408060;16148683.0;313896.0;317130;1760;39347772;478151;371602;2062;7222;25129341
222951;2.04.2021;34002960;423080;16317170.0;168487.0;318920;1790;39843523;495751;3737;2097;7222;25129341
222952;3.04.2021;34450520;447560;16602919.0;285749.0;320780;1860;40367959;524436;375879;2179;7222;25129341
222953;4.04.2021;34870500;419980;16683067.0;80148.0;322630;1850;40860077;492118;378047;2168;7222;25129341
222954;5.04.2021;35296010;425510;16993574.0;310507.0;324560;1930;41358676;498598;380308;2262;7222;25129341
222955;6.04.2021;35791850;495840;17367875.0;374301.0;326670;2110;41939684;581009;382781;2472;7222;25129341
222956;7.04.2021;36339250;547400;17704888.0;337013.0;329430;2760;42581109;641425;386015;3234;7222;25129341
222957;8.04.2021;36898660;559410;18089783.0;384895.0;332010;2580;43236607;655498;389038;3023;7222;25129341
222958;9.04.2021;37456570;557910;18320384.0;230601.0;334540;2530;43890347;65374;392003;2965;7222;25129341
222959;10.04.2021;37983330;526760;18445354.0;124970.0;337020;2480;44507587;61724;394909;2906;7222;25129341
222960;11.04.2021;38490110;506780;18494796.0;49442.0;339390;2370;45101415;593828;397686;2777;7222;25129341
222961;12.04.2021;39035730;545620;18728978.0;234182.0;341820;2430;45740754;639339;400533;2847;7222;25129341
222962;13.04.2021;39627600;591870;19062758.0;333780.0;344550;2730;46434287;693533;403732;3199;8333;25129341
222963;14.04.2021;40255570;627970;19272675.0;209917.0;347340;2790;47170121;735834;407001;3269;8333;25129341
222964;15.04.2021;40869570;614000;19445269.0;172594.0;350310;2970;47889586;719465;410481;348;8333;25129341
222965;16.04.2021;41500390;630820;19811774.0;366505.0;353200;2890;48628759;739174;413868;3386;8333;25129341
222966;17.04.2021;42126450;626060;19937359.0;125585.0;356080;2880;49362355;733596;417243;3375;8333;25129341
222967;18.04.2021;42684470;558020;19970215.0;32856.0;359260;3180;50016224;653869;420969;3726;8333;25129341
222968;19.04.2021;43235960;551490;20075504.0;105289.0;362670;3410;50662442;646217;424964;3996;8333;25129341
222969;20.04.2021;43846240;610280;20283227.0;207723.0;366130;3460;51377547;715106;429019;4054;8333;25129341
222970;21.04.2021;44465910;619670;20477685.0;194458.0;369750;3620;52103656;726108;433261;4242;8333;25129341
222971;22.04.2021;45013820;547910;20728975.0;251290.0;373290;3540;52745678;642022;437409;4148;8333;25129341
222972;23.04.2021;45508200;494380;20887427.0;158452.0;376720;3430;53324976;579298;441428;4019;8333;25129341
222973;24.04.2021;45914160;405960;21068403.0;180976.0;380110;3390;53800666;47569;4454;3972;8333;25129341
222974;25.04.2021;46299690;385530;21130963.0;62560.0;383580;3470;54252417;451751;449466;4066;8333;25129341
222975;26.04.2021;46672810;373120;21394785.0;263822.0;387110;3530;54689627;437209;453602;4136;8704;25129341
222976;27.04.2021;47105820;433010;21678461.0;283676.0;390570;3460;55197013;507387;457657;4054;8704;25129341
222977;28.04.2021;47510260;404440;22132803.0;454342.0;393980;3410;55670922;473909;461652;3996;8704;25129341
222978;29.04.2021;47887000;376740;22568172.0;435369.0;397370;3390;56112374;441451;465625;3972;8704;25129341
222979;30.04.2021;48205910;318910;22816891.0;248719.0;401310;3940;56486062;373688;470242;4617;8704;25129341
222980;1.05.2021;48494080;288170;22899046.0;82155.0;405040;3730;5682373;337668;474612;4371;8704;25129341
222981;2.05.2021;48753880;259800;23006734.0;107688.0;408440;3400;57128154;304425;478596;3984;8704;25129341
222982;3.05.2021;49001210;247330;23294477.0;287743.0;411910;3470;57417967;289813;482662;4066;8704;25129341
222983;4.05.2021;49291180;289970;23729113.0;434636.0;415270;3360;57757745;339777;486599;3937;8704;25129341
222984;5.05.2021;49555940;264760;24103883.0;374770.0;418830;3560;58067981;310237;490771;4171;8704;25129341
222985;6.05.2021;49779820;223880;24467719.0;363836.0;421870;3040;58330316;262335;494333;3562;8704;25129341
222986;7.05.2021;49980890;201070;24691044.0;223325.0;424650;2780;58565923;235607;497591;3258;8704;25129341
222987;8.05.2021;50161410;180520;24853353.0;162309.0;427460;2810;58777451;211527;500883;3293;8704;25129341
222988;9.05.2021;50313320;151910;24918773.0;65420.0;430290;2830;58955454;178003;504199;3316;8704;25129341
222989;10.05.2021;50449360;136040;25018078.0;99305.0;433110;2820;59114861;159407;507504;3304;8704;25129341
222990;11.05.2021;50594330;144970;25178674.0;160596.0;435890;2780;59284732;169871;510761;3258;8704;25129341
222991;12.05.2021;50724620;130290;25348875.0;170201.0;438210;2320;59437401;152669;51348;2718;8704;25129341
222992;13.05.2021;50839960;115340;25402277.0;53402.0;440590;2380;59572553;135152;516269;2789;8704;25129341
222993;14.05.2021;50953900;113940;25561998.0;159721.0;443010;2420;59706064;133511;519104;2836;8704;25129341
222994;15.05.2021;51068620;114720;25687427.0;125429.0;445370;2360;59840489;134425;52187;2765;8704;25129341
222995;16.05.2021;51173740;105120;25772743.0;85316.0;447600;2230;59963665;123176;524483;2613;8704;25129341
222996;17.05.2021;51275480;101740;25950934.0;178191.0;449830;2230;6008288;119216;527096;2613;7963;25129341
222997;18.05.2021;51394850;119370;26537163.0;586229.0;451860;2030;60222754;139874;529474;2379;7963;25129341
222998;19.05.2021;51510380;115530;26821460.0;284297.0;454190;2330;60358128;135374;532205;273;7963;25129341
222999;20.05.2021;51604230;93850;27083374.0;261914.0;456260;2070;60468099;10997;53463;2426;7963;25129341
223000;21.05.2021;51699510;95280;27745400.0;662026.0;458400;2140;60579745;111646;537138;2508;7963;25129341
223001;22.05.2021;51786480;86970;27818947.0;73547.0;460710;2310;60681653;101909;539844;2707;7963;25129341
223002;23.05.2021;51864870;78390;28048727.0;229780.0;462680;1970;60773508;91855;542153;2308;7963;25129341
223003;24.05.2021;51940100;75230;28161235.0;112508.0;464460;1780;6086166;88152;544239;2086;7963;25129341
223004;25.05.2021;52033850;93750;28397847.0;236612.0;466210;1750;60971513;109853;546289;2051;7685;25129341
223005;26.05.2021;52121230;87380;28511333.0;113486.0;467870;1660;61073902;102389;548234;1945;7685;25129341
223006;27.05.2021;52205490;84260;28605453.0;94120.0;469700;1830;61172635;98733;550379;2144;7685;25129341
223007;28.05.2021;52283220;77730;28730177.0;124724.0;471340;1640;61263716;91081;5523;1922;7685;25129341
223008;29.05.2021;52359780;76560;28802681.0;72504.0;472710;1370;61353427;8971;553906;1605;7685;25129341
223009;30.05.2021;52429110;69330;28960961.0;158280.0;474050;1340;61434665;81239;555476;157;7685;25129341
223010;31.05.2021;52494040;64930;29171543.0;210582.0;475270;1220;61510748;76083;556905;143;7685;25129341
223011;1.06.2021;52565160;71120;29375685.0;204142.0;476560;1290;61594084;83336;558417;1512;6481;25129341
223012;2.06.2021;52636970;71810;29657059.0;281374.0;477680;1120;61678229;84145;559729;1312;6481;25129341
223013;3.06.2021;52702990;66020;30129259.0;472200.0;478820;1140;61755589;7736;561065;1336;6481;25129341
223014;4.06.2021;52764680;61690;30318510.0;189251.0;479760;940;61827875;72286;562167;1101;6481;25129341
223015;5.06.2021;52825940;61260;30576062.0;257552.0;480680;920;61899657;71782;563245;1078;6481;25129341
223016;6.06.2021;52879800;53860;30857320.0;281258.0;481640;960;61962769;63111;56437;1125;6481;25129341
223017;7.06.2021;52936270;56470;31246323.0;389003.0;482550;910;62028938;6617;565436;1066;6481;25129341
223018;8.06.2021;53002360;66090;31589838.0;343515.0;483410;860;6210638;77442;566444;1008;6481;25129341
223019;9.06.2021;53066900;64540;31987341.0;397503.0;484280;870;62182006;75626;567463;1019;6481;25129341
223020;10.06.2021;53130980;64080;32507572.0;520231.0;485240;960;62257093;75087;568588;1125;6481;25129341
223021;11.06.2021;53193590;62610;32952991.0;445419.0;485930;690;62330457;73364;569396;809;6111;25129341
223022;12.06.2021;53254350;60760;33428162.0;475171.0;486680;750;62401654;71197;570275;879;6111;25129341
223023;13.06.2021;53304470;50120;34052689.0;624527.0;487210;530;62460383;58729;570896;621;6111;25129341
223024;14.06.2021;53360730;56260;34778165.0;725476.0;487950;740;62526306;65924;571763;867;6111;25129341
223025;15.06.2021;53420280;59550;36241225.0;1463060.0;488790;840;62596085;69779;572748;984;6111;25129341
223026;16.06.2021;53482490;62210;37739099.0;1497874.0;489500;710;6266898;72896;57358;832;6111;25129341
223027;17.06.2021;53541530;59040;39446201.0;1707102.0;490120;620;62738162;69181;574306;726;6111;25129341
223028;18.06.2021;53597280;55750;40619152.0;1172951.0;490710;590;62803487;65326;574997;691;6111;25129341
223029;19.06.2021;53652080;54800;41194790.0;575638.0;491220;510;628677;64213;575595;598;6111;25129341
223030;20.06.2021;53702990;50910;42613378.0;1418588.0;491850;630;62927355;59655;576333;738;6111;25129341
223031;21.06.2021;53755930;52940;43629179.0;1015801.0;492360;510;62989388;62033;576931;598;6111;25129341
223032;22.06.2021;53817360;61430;44080123.0;450944.0;492930;570;6306137;71982;577599;668;6111;25129341
223033;23.06.2021;53875450;58090;44951168.0;871045.0;493580;650;63129438;68068;57836;762;6111;25129341
223034;24.06.2021;53932480;57030;45831738.0;880570.0;494170;590;63196264;66826;579052;691;6111;25129341
223035;25.06.2021;53988780;56300;46633976.0;802238.0;494730;560;63262234;6597;579708;656;6111;25129341
223036;26.06.2021;54041440;52660;47079628.0;445652.0;495240;510;63323939;61705;580306;598;6111;25129341
223037;27.06.2021;54090270;48830;47773102.0;693474.0;495760;520;63381157;57217;580915;609;6111;25129341
223038;28.06.2021;54143100;52830;48938717.0;1165615.0;496340;580;63443061;61904;581594;68;6111;25129341
223039;29.06.2021;54201560;58460;49401445.0;462728.0;496870;530;63511562;68501;582216;621;6111;25129341
223040;30.06.2021;54256520;54960;50608142.0;1206697.0;497320;450;63575963;644;582743;527;6111;25129341
223041;1.07.2021;54309400;52880;51212188.0;604046.0;497740;420;63637926;61963;583235;492;5556;25129341
223042;2.07.2021;54358310;48910;52104718.0;892530.0;498290;550;63695237;57311;583879;644;5556;25129341
223043;3.07.2021;54403680;45370;52479924.0;375206.0;498740;450;637484;53163;584407;527;5556;25129341
223044;4.07.2021;54447860;44180;53226310.0;746386.0;499240;500;63800168;51769;584993;586;5556;25129341
223045;5.07.2021;54494640;46780;54148190.0;921880.0;499590;350;63854984;54815;585403;41;5556;25129341
223046;6.07.2021;54547630;52990;55004225.0;856035.0;499960;370;63917076;62092;585836;434;5556;25129341
223047;7.07.2021;54599230;51600;55808670.0;804445.0;500480;520;63977539;60463;586446;609;5556;25129341
223048;8.07.2021;54650940;51710;56646457.0;837787.0;500960;480;64038131;60592;587008;562;5556;25129341
223049;9.07.2021;54707640;56700;57248834.0;602377.0;501550;590;6410457;66439;587699;691;5556;25129341
223050;10.07.2021;54762940;55300;57583424.0;334590.0;501920;370;64169369;64799;588133;434;5556;25129341
223051;11.07.2021;54815550;52610;58155459.0;572035.0;502290;370;64231015;61647;588567;434;5556;25129341
223052;12.07.2021;54869590;54040;59087644.0;932185.0;502780;490;64294337;63322;589141;574;5556;25129341
223053;13.07.2021;54932440;62850;60047995.0;960351.0;503240;460;64367983;73646;58968;539;5556;25129341
223054;14.07.2021;55001510;69070;61011929.0;963934.0;503670;430;64448917;80934;590184;504;5556;25129341
223055;15.07.2021;55074550;73040;62378829.0;1366900.0;504150;480;64534503;85586;590746;562;5556;25129341
223056;16.07.2021;55143730;69180;62537504.0;158675.0;504500;350;64615566;81063;591156;41;5556;25129341
223057;17.07.2021;55220390;76660;63070377.0;532873.0;504880;380;64705393;89828;591601;445;5556;25129341
223058;18.07.2021;55297190;76800;63432446.0;362069.0;504880;0;64795385;89992;591601;0;5556;25129341
223059;19.07.2021;55373860;76670;63860891.0;428445.0;506040;1160;64885224;89839;592961;1359;5556;25129341
223060;20.07.2021;55461660;87800;63929646.0;68755.0;506500;460;64988105;102881;5935;539;5556;25129341
223061;21.07.2021;55543170;81510;64438877.0;509231.0;507090;590;65083616;95511;594191;691;5556;25129341
223062;22.07.2021;55639030;95860;65102892.0;664015.0;507610;520;65195941;112326;5948;609;5556;25129341
223063;23.07.2021;55749970;110940;65329543.0;226651.0;508210;600;65325937;129996;595503;703;5556;25129341
223064;24.07.2021;55873780;123810;65783297.0;453754.0;508790;580;65471014;145076;596183;68;5556;25129341
223065;25.07.2021;56016080;142300;66806525.0;1023228.0;509340;550;65637756;166742;596827;644;5556;25129341
223066;26.07.2021;56184170;168090;68082990.0;1276465.0;509970;630;65834718;196962;597566;738;5556;25129341
223067;27.07.2021;56381780;197610;69240538.0;1157548.0;510480;510;66066271;231553;598163;598;5556;25129341
223068;28.07.2021;56604690;222910;70436741.0;1196203.0;511240;760;66327469;261198;599054;891;5556;25129341
223069;29.07.2021;56826300;221610;71842834.0;1406093.0;511840;600;66587144;259675;599757;703;5556;25129341
223070;30.07.2021;57047130;220830;72929642.0;1086808.0;512530;690;66845906;258761;600565;809;5556;25129341
223071;31.07.2021;57270450;223320;73272667.0;343025.0;513320;790;67107584;261679;601491;926;5556;25129341
223072;1.08.2021;57479350;208900;73493059.0;220392.0;514280;960;67352366;244782;602616;1125;5556;25129341
223073;2.08.2021;57708330;228980;73887381.0;394322.0;515190;910;67620677;268311;603682;1066;5556;25129341
223074;3.08.2021;57956650;248320;74330222.0;442841.0;516450;1260;6791165;290973;605159;1476;5556;25129341
223075;4.08.2021;58224870;268220;74335704.0;5482.0;517670;1220;68225942;314291;606588;143;5556;25129341
223076;5.08.2021;58467840;242970;74512881.0;177177.0;518750;1080;68510646;284704;607854;1266;5556;25129341
223077;6.08.2021;58707410;239570;75102478.0;589597.0;519760;1010;68791366;28072;609037;1183;5556;25129341
223078;7.08.2021;58958410;251000;75674278.0;571800.0;520880;1120;69085479;294113;61035;1312;5556;25129341
223079;8.08.2021;59185400;226990;76029390.0;355112.0;520880;0;69351458;265979;61035;0;5556;25129341
223080;9.08.2021;59422710;237310;76602059.0;572669.0;523130;2250;6962953;278072;612986;2636;5556;25129341
223081;10.08.2021;59688680;265970;78265217.0;1663158.0;524370;1240;69941185;311655;614439;1453;5556;25129341
223082;11.08.2021;59962240;273560;79639120.0;1373903.0;525650;1280;70261733;320548;615939;15;5556;25129341
223083;12.08.2021;60184850;222610;81436011.0;1796891.0;527030;1380;7052258;260847;617556;1617;3705;25129341
223084;13.08.2021;60398570;213720;82021528.0;585517.0;528600;1570;7077301;25043;619396;184;3703;25129341
223085;14.08.2021;60598060;199490;82865497.0;843969.0;530050;1450;71006766;233756;621095;1699;3699;25129341
223086;15.08.2021;60786530;188470;83338627.0;473130.0;531590;1540;71227608;220843;622899;1805;3697;25129341
223087;16.08.2021;60968160;181630;84055687.0;717060.0;533240;1650;71440436;212828;624833;1933;3694;25129341
223088;17.08.2021;61185080;216920;85004270.0;948583.0;535070;1830;71694616;25418;626977;2144;369;25129341
223089;18.08.2021;61384520;199440;86413722.0;1409452.0;536750;1680;71928313;233697;628946;1969;3685;25129341
223090;19.08.2021;61577720;193200;87195574.0;781852.0;538910;2160;72154698;226385;631477;2531;3682;25129341
223091;20.08.2021;61776900;199180;88059440.0;863866.0;540950;2040;72388091;233392;633867;239;3679;25129341
223092;21.08.2021;61970410;193510;88443350.0;383910.0;543270;2320;72614839;226749;636585;2718;3678;25129341
223093;22.08.2021;62156630;186220;88760525.0;317175.0;545330;2060;72833046;218206;638999;2414;3677;25129341
223094;23.08.2021;62345200;188570;89651157.0;890632.0;547650;2320;73054005;22096;641718;2718;3674;25129341
223095;24.08.2021;62537110;191910;90405737.0;754580.0;549950;2300;73278879;224874;644413;2695;3672;25129341
223096;25.08.2021;62736810;199700;91081547.0;675810.0;552120;2170;73512881;234002;646956;2543;367;25129341
223097;26.08.2021;62932970;196160;91747545.0;665998.0;554690;2570;73742735;229854;649967;3011;3668;25129341
223098;27.08.2021;63116370;183400;92391003.0;643458.0;557130;2440;73957637;214902;652826;2859;3665;25129341
223099;28.08.2021;63295490;179120;92710374.0;319371.0;559580;2450;74167523;209887;655697;2871;3664;25129341
223100;29.08.2021;63468810;173320;93004856.0;294482.0;562130;2550;74370614;203091;658685;2988;3663;25129341
223101;30.08.2021;63664380;195570;93318338.0;313482.0;564580;2450;74599776;229162;661556;2871;3662;25129341
223102;31.08.2021;63883310;218930;94167554.0;849216.0;567100;2520;74856311;256535;664509;2953;3659;25129341
223103;1.09.2021;64122770;239460;94873884.0;706330.0;570000;2900;75136902;280591;667907;3398;3657;25129341
223104;2.09.2021;64357730;234960;95565306.0;691422.0;572830;2830;7541222;275318;671223;3316;3655;25129341
223105;3.09.2021;64586300;228570;96378383.0;813077.0;575590;2760;75680051;267831;674457;3234;3652;25129341
223106;4.09.2021;64786630;200330;96761208.0;382825.0;578370;2780;75914791;23474;677714;3258;365;25129341
223107;5.09.2021;64980540;193910;97113297.0;352089.0;581060;2690;76142008;227217;680867;3152;3649;25129341
223108;6.09.2021;65190160;209620;97981595.0;868298.0;583770;2710;76387634;245626;684042;3175;4545;25129341
223109;7.09.2021;65426540;236380;98828646.0;847051.0;586510;2740;76664616;276982;687253;3211;4528;25129341
223110;8.09.2021;65665680;239140;99582607.0;753961.0;589130;2620;76944832;280216;690323;307;4513;25129341
223111;9.09.2021;65904140;238460;100267925.0;685318.0;591700;2570;77224252;279419;693334;3011;4499;25129341
223112;10.09.2021;66139760;235620;101048667.0;780742.0;593840;2140;77500343;276092;695842;2508;4481;25129341
223113;11.09.2021;66368990;229230;101454754.0;406087.0;596430;2590;77768947;268604;698877;3035;4472;25129341
223114;12.09.2021;66582510;213520;101748658.0;293904.0;598860;2430;78019143;250196;701724;2847;4465;25129341
223115;13.09.2021;66828640;246130;102431607.0;682949.0;601170;2310;78307549;288407;704431;2707;4449;25129341
223116;14.09.2021;67106660;278020;103001616.0;570009.0;603930;2760;78633324;325774;707665;3234;4436;25129341
223117;15.09.2021;67388900;282240;103526811.0;525195.0;606410;2480;78964043;330719;710571;2906;4423;25129341
223118;16.09.2021;67670080;281180;104020938.0;494127.0;609030;2620;79293521;329477;713641;307;4411;25129341
223119;17.09.2021;67947000;276920;104593216.0;572278.0;611400;2370;79618006;324486;716418;2777;4396;25129341
223120;18.09.2021;68208610;261610;104894094.0;300878.0;613610;2210;79924552;306546;719008;259;4389;25129341
223121;19.09.2021;68472590;263980;105110950.0;216856.0;615740;2130;80233875;309323;721503;2496;4383;25129341
223122;20.09.2021;68749470;276880;105611261.0;500311.0;618050;2310;80558313;324439;72421;2707;437;25129341
223123;21.09.2021;69042850;293380;106066262.0;455001.0;620650;2600;80902086;343773;727257;3047;4359;25129341
223124;22.09.2021;69324530;281680;106492764.0;426502.0;623070;2420;81232149;330063;730092;2836;4347;25129341
223125;23.09.2021;69602970;278440;106893726.0;400962.0;625240;2170;81558416;326267;732635;2543;4336;25129341
223126;24.09.2021;69874940;271970;107380295.0;486569.0;627450;2210;81877101;318685;735225;259;4323;25129341
223127;25.09.2021;70136390;261450;107641923.0;261628.0;629380;1930;8218346;306358;737486;2262;4315;25129341
223128;26.09.2021;70395000;258610;107840404.0;198481.0;631660;2280;8248649;30303;740158;2672;431;25129341
223129;27.09.2021;70666880;271880;108305902.0;465498.0;633720;2060;8280507;31858;742572;2414;4297;25129341
223130;28.09.2021;70955800;288920;108734111.0;428209.0;636110;2390;83143617;338547;745372;2801;4286;25129341
223131;29.09.2021;71249660;293860;;;638380;2270;83487952;344335;748032;266;4286;25129341
223132;30.09.2021;71540700;291040;109495613.0;;640540;2160;83828983;341031;750563;2531;4265;25129341
223133;1.10.2021;71829430;288730;109925744.0;430131.0;642640;2100;84167307;338324;753024;2461;4252;25129341
223134;2.10.2021;72109160;279730;110159938.0;234194.0;644670;2030;84495085;327778;755403;2379;4245;25129341
223135;3.10.2021;72382670;273510;110333793.0;173855.0;646610;1940;84815575;32049;757676;2273;424;25129341
223136;4.10.2021;72670770;288100;110745658.0;411865.0;649090;2480;85153161;337586;760582;2906;4229;25129341
223137;5.10.2021;72968790;298020;111078323.0;332665.0;651370;2280;8550237;34921;763253;2672;4219;25129341
223138;6.10.2021;73273170;304380;111391198.0;312875.0;653730;2360;85859033;356662;766019;2765;421;25129341
223139;7.10.2021;73573360;300190;111674310.0;283112.0;655900;2170;86210785;351753;768562;2543;4202;25129341
223140;8.10.2021;73875370;302010;112037763.0;363453.0;657780;1880;8656467;353885;770764;2203;4191;25129341
223141;9.10.2021;74161820;286450;112225352.0;187589.0;659840;2060;86900323;335652;773178;2414;4186;25129341
223142;10.10.2021;74445520;283700;112360409.0;135057.0;661800;1960;87232753;33243;775475;2297;4181;25129341
223143;11.10.2021;74751150;305630;112666626.0;306217.0;663680;1880;8759088;358127;777678;2203;4172;25129341
223144;12.10.2021;75089750;338600;112941094.0;274468.0;666050;2370;8798764;39676;780455;2777;4164;25129341
223145;13.10.2021;75402230;312480;113183300.0;242206.0;668410;2360;88353793;366154;78322;2765;4156;25129341
223146;14.10.2021;75709320;307090;113418257.0;234957.0;670440;2030;88713631;359838;785599;2379;4149;25129341
223147;15.10.2021;76016260;306940;113709533.0;291276.0;672250;1810;89073293;359662;78772;2121;414;25129341
223148;16.10.2021;76301630;285370;113862236.0;152703.0;674370;2120;8940768;334387;790204;2484;4134;25129341
223149;17.10.2021;76542770;241140;113971512.0;109276.0;676230;1860;8969024;28256;792384;2179;4131;25129341
223150;18.10.2021;76835170;292400;114207634.0;236122.0;678370;2140;90032864;342624;794891;2508;4124;25129341
223151;19.10.2021;77143790;308620;114425692.0;218058.0;680600;2230;90394495;361631;797504;2613;4117;25129341
223152;20.10.2021;77441390;297600;114620510.0;194818.0;682740;2140;90743212;348718;800012;2508;4112;25129341
223153;21.10.2021;77726040;284650;114807774.0;187264.0;684720;1980;91076756;333543;802332;232;4106;25129341
223154;22.10.2021;78007960;281920;115040699.0;232925.0;687000;2280;914071;330344;805003;2672;4099;25129341
223155;23.10.2021;78270130;262170;115164597.0;123898.0;689170;2170;91714302;307202;807546;2543;4095;25129341
223156;24.10.2021;78518050;247920;115255712.0;91115.0;691120;1950;92004806;290504;809831;2285;4093;25129341
223157;25.10.2021;78794680;276630;115480511.0;224799.0;693440;2320;92328952;324146;81255;2718;3717;25129341
223158;26.10.2021;79091110;296430;115674594.0;194083.0;695590;2150;92676299;347347;815069;2519;3712;25129341
223159;27.10.2021;79360070;268960;115861861.0;187267.0;697690;2100;92991457;315158;81753;2461;3707;25129341
223160;28.10.2021;79615350;255280;116023796.0;161935.0;699980;2290;93290586;299129;820213;2683;3703;25129341
223161;29.10.2021;79859440;244090;116123219.0;99423.0;702070;2090;93576602;286016;822662;2449;370;25129341
223162;30.10.2021;80090400;230960;116210213.0;86994.0;704100;2030;93847233;270631;825041;2379;3698;25129341
223163;31.10.2021;80329880;239480;116280951.0;70738.0;706110;2010;94127848;280615;827396;2355;3696;25129341
223164;1.11.2021;80616660;286780;116486234.0;205283.0;708280;2170;94463887;336039;829939;2543;3691;25129341
223165;2.11.2021;80914620;297960;116663497.0;177263.0;710520;2240;94813026;349139;832563;2625;3686;25129341
223166;3.11.2021;81212260;297640;116831329.0;167832.0;712980;2460;95161791;348765;835446;2883;3683;25129341
223167;4.11.2021;81507080;294820;117008424.0;177095.0;715260;2280;95507251;34546;838118;2672;3679;25129341
223168;5.11.2021;81789010;281930;117223420.0;214996.0;717240;1980;95837607;330356;840438;232;3674;25129341
223169;6.11.2021;82063750;274740;117311720.0;88300.0;719270;2030;96159538;321931;842816;2379;3672;25129341
223170;7.11.2021;82316790;253040;117378532.0;66812.0;721270;2000;96456042;296504;84516;2344;367;25129341
223171;8.11.2021;82595030;278240;117562317.0;183785.0;723140;1870;96782074;326032;847351;2191;3667;25129341
223172;9.11.2021;82881650;286620;117723821.0;161504.0;725100;1960;97117926;335852;849648;2297;3663;25129341
223173;10.11.2021;83154240;272590;117866846.0;143025.0;727130;2030;97437338;319412;852026;2379;366;25129341
223174;11.11.2021;83403220;248980;118029902.0;163056.0;729100;1970;97729084;291746;854335;2308;3657;25129341
223175;12.11.2021;83639590;236370;118219170.0;189268.0;731270;2170;98006054;27697;856878;2543;3653;25129341
223176;13.11.2021;83865420;225830;118302677.0;83507.0;733420;2150;98270674;26462;859397;2519;3651;25129341
223177;14.11.2021;84081660;216240;118367035.0;64358.0;735310;1890;98524057;253383;861611;2215;3649;25129341
223178;15.11.2021;84320180;238520;118559680.0;192645.0;737460;2150;98803547;27949;864131;2519;3645;25129341
223179;16.11.2021;84571190;251010;118727805.0;168125.0;739730;2270;99097672;294125;866791;266;3642;25129341
223180;17.11.2021;84809860;238670;118883070.0;155265.0;742020;2290;99377337;279665;869474;2683;3639;25129341
223181;18.11.2021;85032200;222340;119029798.0;146728.0;744280;2260;99637868;260531;872122;2648;3636;25129341
223182;19.11.2021;85270300;238100;119200467.0;170669.0;746460;2180;99916866;278998;874677;2554;3633;25129341
223183;20.11.2021;85503770;233470;119272284.0;71817.0;748470;2010;100190438;273572;877032;2355;3631;25129341
223184;21.11.2021;85715540;211770;119327719.0;55435.0;750420;1950;100438583;248145;879317;2285;363;25129341
223185;22.11.2021;85964100;248560;119473872.0;146153.0;752350;1930;100729837;291254;881578;2262;3627;25129341
223186;23.11.2021;86245800;281700;119602103.0;128231.0;754430;2080;101059924;330087;884016;2437;3625;25129341
223187;24.11.2021;86521720;275920;119726075.0;123972.0;756180;1750;101383237;323314;886066;2051;3622;25129341
223188;25.11.2021;86766390;244670;119844933.0;118858.0;758400;2220;101669933;286696;888668;2601;362;25129341
223189;26.11.2021;87006410;240020;119987705.0;142772.0;760410;2010;101951181;281247;891023;2355;3617;25129341
223190;27.11.2021;87244000;237590;120058425.0;70720.0;762330;1920;102229581;2784;893273;225;3616;25129341
223191;28.11.2021;87460550;216550;120114498.0;56073.0;764460;2130;102483327;253746;895768;2496;3615;25129341
223192;29.11.2021;87703720;243170;120261629.0;147131.0;766350;1890;102768265;284938;897983;2215;3612;25129341
223193;30.11.2021;87955880;252160;120390651.0;129022.0;768420;2070;103063738;295473;900409;2426;3609;25129341
223194;1.12.2021;88181440;225560;120516813.0;126162.0;770380;1960;103328041;264304;902705;2297;3607;25129341
223195;2.12.2021;88398910;217470;120640853.0;124040.0;772300;1920;103582865;254824;904955;225;3605;25129341
223196;3.12.2021;88613860;214950;120788673.0;147820.0;774170;1870;103834737;251871;907146;2191;3603;25129341
223197;4.12.2021;88817600;203740;120857540.0;68867.0;776450;2280;104073472;238736;909818;2672;3601;25129341
223198;5.12.2021;89011170;193570;120910438.0;52898.0;778300;1850;104300291;226819;911986;2168;360;25129341
223199;6.12.2021;89211500;200330;121042428.0;131990.0;780170;1870;104535031;23474;914177;2191;3598;25129341
223200;7.12.2021;89438370;226870;121160790.0;118362.0;782150;1980;10480087;265839;916497;232;3596;25129341
223201;8.12.2021;89647110;208740;121276848.0;116058.0;784070;1920;105045464;244595;918747;225;3594;25129341
223202;9.12.2021;89844070;196960;121394026.0;117178.0;786020;1950;105276255;230791;921032;2285;3592;25129341
223203;10.12.2021;90029680;185610;121532728.0;138702.0;787780;1760;105493747;217492;923094;2062;359;25129341
223204;11.12.2021;90222230;192550;121600540.0;67812.0;789690;1910;10571937;225624;925332;2238;3589;25129341
223205;12.12.2021;90401790;179560;121655651.0;55111.0;791510;1820;105929773;210402;927465;2133;3588;25129341
223206;13.12.2021;90589750;187960;121804033.0;148382.0;793220;1710;106150018;220245;929468;2004;3585;25129341
223207;14.12.2021;90804520;214770;121935289.0;131256.0;795030;1810;106401678;25166;931589;2121;3584;25129341
223208;15.12.2021;91003240;198720;122037127.0;101838.0;796960;1930;106634532;232853;933851;2262;3582;25129341
223209;16.12.2021;91184240;181000;122393466.0;356339.0;798630;1670;106846621;21209;935808;1957;358;25129341
223210;17.12.2021;91365650;181410;123144781.0;751315.0;800530;1900;107059191;21257;938034;2226;3578;25129341
223211;18.12.2021;91542090;176440;123625349.0;480568.0;802440;1910;107265938;206746;940272;2238;3577;25129341
223212;19.12.2021;91711190;169100;124058691.0;433342.0;804150;1710;107464083;198146;942276;2004;3576;25129341
223213;20.12.2021;91898810;187620;124912525.0;853834.0;805910;1760;10768393;219847;944338;2062;3574;25129341
223214;21.12.2021;92097400;198590;125761472.0;848947.0;807780;1870;107916631;232701;946529;2191;3572;25129341
223215;22.12.2021;92288350;190950;126565703.0;804231.0;809570;1790;10814038;223749;948627;2097;357;25129341
223216;23.12.2021;92476060;187710;127285128.0;719425.0;811250;1680;108360332;219952;950595;1969;3568;25129341
223217;24.12.2021;92665160;189100;127994715.0;709587.0;812580;1330;108581913;221581;952154;1558;3566;25129341
223218;25.12.2021;92869860;204700;128349256.0;354541.0;812580;0;108821774;239861;952154;0;3565;25129341
223219;26.12.2021;93071240;201380;128654886.0;305630.0;815760;3180;109057744;23597;95588;3726;3565;25129341
223220;27.12.2021;93332230;260990;129332845.0;677959.0;817330;1570;109363564;305819;95772;184;3563;25129341
223221;28.12.2021;93653990;321760;129972508.0;639663.0;819170;1840;109740591;377028;959876;2156;3561;25129341
223222;29.12.2021;94020830;366840;130571857.0;599349.0;819170;0;110170442;429851;959876;0;3559;25129341
223223;30.12.2021;94417640;396810;131134774.0;562917.0;821980;2810;11063541;464969;963168;3293;3557;25129341
223224;31.12.2021;94825500;407860;131646005.0;511231.0;823610;1630;111113327;477917;965078;191;3555;25129341
223225;1.01.2022;95192810;367310;131930475.0;284470.0;825060;1450;111543729;430401;966778;1699;3554;25129341
223226;2.01.2022;95528010;335200;132215015.0;284540.0;826350;1290;111936505;392776;968289;1512;3553;25129341
223227;3.01.2022;95976700;448690;132897714.0;682699.0;827950;1600;112462264;52576;970164;1875;3552;25129341
223228;4.01.2022;96523940;547240;;;829320;1370;113103502;641237;971769;1605;3552;25129341
223229;5.01.2022;97188610;664670;134195065.0;;830750;1430;11388234;778838;973445;1676;3548;25129341
223230;6.01.2022;97872740;684130;134863259.0;668194.0;832310;1560;11468398;80164;975273;1828;3545;25129341
223231;7.01.2022;98504880;632140;135618050.0;754791.0;833880;1570;115424701;74072;977112;184;3543;25129341
223232;8.01.2022;99167250;662370;135997933.0;379883.0;835290;1410;116200843;776143;978765;1652;3542;25129341
223233;9.01.2022;99784520;617270;136281040.0;283107.0;837020;1730;11692414;723296;980792;2027;3541;25129341
223234;10.01.2022;100436880;652360;136898878.0;617838.0;838430;1410;117688553;764413;982444;1652;3539;25129341
223235;11.01.2022;101179540;742660;137428160.0;529282.0;839800;1370;118558777;870224;984049;1605;3091;25129341
223236;12.01.2022;101956760;777220;137891835.0;463675.0;841250;1450;119469497;91072;985748;1699;3088;25129341
223237;13.01.2022;102712400;755640;138326318.0;434483.0;842780;1530;120354931;885434;987541;1793;3087;25129341
223238;14.01.2022;103390970;678570;138826560.0;500242.0;842780;0;121150056;795125;987541;0;3085;25129341
223239;15.01.2022;104030640;639670;139071821.0;245261.0;846220;3440;1218996;749544;991572;4031;3454;25129341
223240;16.01.2022;104571640;541000;139230188.0;158367.0;847580;1360;122533526;633926;993166;1594;3453;25129341
223241;17.01.2022;105220990;649350;139578409.0;348221.0;849200;1620;123294412;760886;995064;1898;3451;25129341
223242;18.01.2022;105917570;696580;139865637.0;287228.0;850770;1570;124110641;816229;996904;184;3342;25129341
223243;19.01.2022;106643720;726150;140087559.0;221922.0;852530;1760;124961519;850878;998966;2062;3341;25129341
223244;20.01.2022;107362150;718430;140311232.0;223673.0;854190;1660;125803351;841832;1000911;1945;334;25129341
223245;21.01.2022;108087700;725550;140556373.0;245141.0;856000;1810;126653526;850175;1003032;2121;3339;25129341
223246;22.01.2022;108816260;728560;140665664.0;109291.0;857840;1840;127507228;853702;1005188;2156;3338;25129341
223247;23.01.2022;109471290;655030;140743552.0;77888.0;859690;1850;12827477;767542;1007356;2168;3338;25129341
223248;24.01.2022;110141520;670230;140938758.0;195206.0;861250;1560;129060123;785353;1009184;1828;3337;25129341
223249;25.01.2022;110904930;763410;141098118.0;159360.0;862990;1740;129954662;894538;1011223;2039;3336;25129341
223250;26.01.2022;111679270;774340;141252329.0;154211.0;864870;1880;130862007;907346;1013426;2203;3336;25129341
223251;27.01.2022;112501070;821800;141416957.0;164628.0;866610;1740;131824965;962958;1015464;2039;3334;25129341
223252;28.01.2022;113436930;935860;141612186.0;195229.0;868710;2100;132921574;1096609;1017925;2461;3334;25129341
223253;29.01.2022;114384760;947830;141703801.0;91615.0;870450;1740;134032209;1110635;1019964;2039;3333;25129341
223254;30.01.2022;115266210;881450;141778517.0;74716.0;872340;1890;135065063;1032853;1022179;2215;3333;25129341
223255;31.01.2022;116198820;932610;141981790.0;203273.0;874160;1820;136157864;1092801;1024311;2133;3332;25129341
223256;1.02.2022;117224830;1026010;142171571.0;189781.0;876140;1980;137360108;1202244;1026631;232;333;25129341
223257;2.02.2022;118331650;1106820;142348958.0;177387.0;878310;2170;138657042;1296934;1029174;2543;333;25129341
223258;3.02.2022;119406950;1075300;142522697.0;173739.0;880640;2330;139917042;12600;1031904;273;3328;25129341
223259;4.02.2022;120518520;1111570;142735468.0;212771.0;883120;2480;141219543;13025;103481;2906;3327;25129341
223260;5.02.2022;121505670;987150;142833393.0;97925.0;885330;2210;142376252;1156709;10374;259;3327;25129341
223261;6.02.2022;122385010;879340;142910046.0;76653.0;887340;2010;143406633;1030381;1039755;2355;3326;25129341
223262;7.02.2022;123350150;965140;143125638.0;215592.0;889700;2360;144537551;1130919;104252;2765;3325;25129341
223263;8.02.2022;124461110;1110960;143303935.0;178297.0;892110;2410;145839337;1301786;1045344;2824;3325;25129341
223264;9.02.2022;125546740;1085630;143478985.0;175050.0;894770;2660;147111441;1272105;1048461;3117;3666;25129341
223265;10.02.2022;126532760;986020;143645420.0;166435.0;897410;2640;148266826;1155385;1051555;3093;3665;25129341
223266;11.02.2022;127483410;950650;143845934.0;200514.0;899940;2530;149380766;111394;1054519;2965;3665;25129341
223267;12.02.2022;128345340;861930;143940936.0;95002.0;902660;2720;150390747;1009981;1057707;3187;3664;25129341
223268;13.02.2022;129083210;737870;144007120.0;66184.0;905420;2760;151255358;864611;1060941;3234;3664;25129341
223269;14.02.2022;129849530;766320;144173367.0;166247.0;908080;2660;152153306;897948;1064058;3117;3663;25129341
223270;15.02.2022;130796830;947300;144326883.0;153516.0;911170;3090;15326332;1110014;1067678;3621;3662;25129341
223271;16.02.2022;131738590;941760;144476562.0;149679.0;913880;2710;154366843;1103523;1070854;3175;3662;25129341
223272;17.02.2022;132662650;924060;144599375.0;122813.0;916460;2580;155449625;1082782;1073877;3023;3661;25129341
223273;18.02.2022;133536760;874110;144730193.0;130818.0;919100;2640;156473878;1024253;107697;3093;3661;25129341
223274;19.02.2022;134341300;804540;144799530.0;69337.0;921880;2780;157416611;942733;1080228;3258;366;25129341
223275;20.02.2022;135044850;703550;144850157.0;50627.0;924510;2630;158241007;824396;108331;3082;366;25129341
223276;21.02.2022;135895110;850260;144999620.0;149463.0;927190;2680;159237313;996306;108645;314;3659;25129341
223277;22.02.2022;136755810;860700;145128369.0;128749.0;929900;2710;160245852;1008539;1089625;3175;3659;25129341
223278;23.02.2022;137621810;866000;145243896.0;115527.0;932580;2680;161260602;101475;1092766;314;3658;25129341
223279;24.02.2022;138418890;797080;145344212.0;100316.0;935390;2810;162194593;933991;1096058;3293;3657;25129341
223280;25.02.2022;139136250;717360;145454202.0;109990.0;938050;2660;163035171;840578;1099175;3117;3657;25129341
223281;26.02.2022;139753890;617640;145503292.0;49090.0;940260;2210;163758901;72373;1101765;259;3657;25129341
223282;27.02.2022;140251810;497920;145537442.0;34150.0;942320;2060;164342347;583446;1104179;2414;3656;25129341
223283;28.02.2022;140894560;642750;145631632.0;94190.0;944450;2130;1650955;753153;1106675;2496;3656;25129341
223284;1.03.2022;141493410;598850;145719490.0;87858.0;946480;2030;165797212;701712;1109053;2379;3656;25129341
223285;2.03.2022;142061210;567800;145801884.0;82394.0;948370;1890;166462541;665329;1111268;2215;1759;25129341
223286;3.03.2022;142555450;494240;145870323.0;68439.0;950250;1880;167041675;579134;1113471;2203;1759;25129341
223287;4.03.2022;142938280;382830;145943346.0;73023.0;952050;1800;167490262;448587;111558;2109;1759;25129341
223288;5.03.2022;143262170;323890;145972393.0;29047.0;953790;1740;167869786;379523;1117619;2039;1759;25129341
223289;6.03.2022;143538880;276710;145990177.0;17784.0;955490;1700;168194025;324239;1119611;1992;1759;25129341
223290;7.03.2022;143882310;343430;146048178.0;58001.0;956810;1320;168596445;40242;1121158;1547;1759;25129341
223291;8.03.2022;144256380;374070;146097881.0;49703.0;958110;1300;169034767;438323;1122681;1523;1759;25129341
223292;9.03.2022;144588810;332430;146144478.0;46597.0;959540;1430;169424298;38953;1124357;1676;1759;25129341
223293;10.03.2022;144883730;294920;146183069.0;38591.0;960940;1400;169769875;345577;1125997;164;1759;25129341
223294;11.03.2022;145137740;254010;146222195.0;39126.0;962170;1230;170067515;29764;1127438;1441;1759;25129341
223295;12.03.2022;145342390;204650;146235452.0;13257.0;963490;1320;170307317;239802;1128985;1547;1759;25129341
223296;13.03.2022;145516650;174260;146243976.0;8524.0;964870;1380;170511509;204192;1130602;1617;1759;25129341
223297;14.03.2022;145760690;244040;146273906.0;29930.0;966200;1330;170797467;285958;1132161;1558;1759;25129341
223298;15.03.2022;146006830;246140;146304093.0;30187.0;967350;1150;171085886;288419;1133508;1348;1759;25129341
223299;16.03.2022;146230280;223450;146336317.0;32224.0;968530;1180;171347717;261831;1134891;1383;1759;25129341
223300;17.03.2022;146443820;213540;146377975.0;41658.0;969540;1010;171597936;250219;1136074;1183;1759;25129341
223301;18.03.2022;146635080;191260;146421935.0;43960.0;970770;1230;171822048;224112;1137516;1441;1759;25129341
223302;19.03.2022;146808360;173280;146435701.0;13766.0;971820;1050;172025092;203044;1138746;123;1759;25129341
223303;20.03.2022;146939170;130810;146446575.0;10874.0;972670;850;17217837;153279;1139742;996;1759;25129341
223304;21.03.2022;147088500;149330;146503050.0;56475.0;973470;800;17235335;17498;1140679;937;1759;25129341
223305;22.03.2022;147262760;174260;146561848.0;58798.0;974370;900;172557542;204192;1141734;1055;1759;25129341
223306;23.03.2022;147434370;171610;146618996.0;57148.0;975210;840;172758629;201087;1142718;984;1759;25129341
223307;24.03.2022;147603310;168940;146675886.0;56890.0;975980;770;172956587;197958;114362;902;1759;25129341
223308;25.03.2022;147756340;153030;146733931.0;58045.0;976660;680;173135903;179315;1144417;797;1759;25129341
223309;26.03.2022;147894830;138490;146751309.0;17378.0;977360;700;173298181;162278;1145238;82;1759;25129341
223310;27.03.2022;148006770;111940;146762564.0;11255.0;978000;640;173429348;131168;1145987;75;1759;25129341
223311;28.03.2022;148150410;143640;146823531.0;60967.0;978610;610;173597661;168313;1146702;715;1759;25129341
223312;29.03.2022;148312310;161900;146881913.0;58382.0;979240;630;17378737;189709;114744;738;1759;25129341
223313;30.03.2022;148462240;149930;146940492.0;58579.0;979770;530;173963052;175683;1148061;621;1759;25129341
223314;31.03.2022;148605600;143360;146995383.0;54891.0;980330;560;174131037;167984;1148718;656;1759;25129341
223315;1.04.2022;148739270;133670;;;980780;450;174287667;15663;1149245;527;1759;25129341
223316;2.04.2022;148857100;117830;;;981190;410;174425736;138069;1149725;48;1759;25129341
223317;3.04.2022;148947310;90210;147070173.0;;981570;380;174531441;105705;1150171;445;1759;25129341
223318;4.04.2022;149073780;126470;147097462.0;27289.0;981970;400;174679634;148193;1150639;469;1759;25129341
223319;5.04.2022;149195910;122130;147122340.0;24878.0;982340;370;174822742;143108;1151073;434;1759;25129341
223320;6.04.2022;149299050;103140;147147731.0;25391.0;982750;410;174943598;120856;1151553;48;1759;25129341
223321;7.04.2022;149392590;93540;147171659.0;23928.0;983110;360;175053205;109607;1151975;422;1759;25129341
223322;8.04.2022;149463790;71200;147197855.0;26196.0;983420;310;175136635;8343;1152338;363;1759;25129341
223323;9.04.2022;149533650;69860;147206133.0;8278.0;983770;350;175218495;8186;1152749;41;1759;25129341
223324;10.04.2022;149589740;56090;147211194.0;5061.0;984090;320;175284219;65724;1153124;375;1759;25129341
223325;11.04.2022;149658670;68930;147235102.0;23908.0;984370;280;175364989;8077;1153452;328;1759;25129341
223326;12.04.2022;149725020;66350;147257592.0;22490.0;984620;250;175442735;77747;1153745;293;1759;25129341
223327;13.04.2022;149780310;55290;147279922.0;22330.0;984930;310;175507522;64787;1154108;363;1759;25129341
223328;14.04.2022;149831580;51270;147301011.0;21089.0;985140;210;175567599;60076;1154354;246;1759;25129341
223329;15.04.2022;149875830;44250;;;985320;180;17561945;51851;1154565;211;1759;25129341
223330;16.04.2022;149916690;40860;;;985510;190;175667328;47878;1154787;223;1759;25129341
223331;17.04.2022;149949370;32680;147333131.0;;985680;170;175705621;38293;1154987;199;1759;25129341
223332;18.04.2022;149994790;45420;147351467.0;18336.0;985870;190;175758843;53222;1155209;223;1759;25129341
223333;19.04.2022;150036960;42170;147369656.0;18189.0;986100;230;175808256;49413;1155479;27;1759;25129341
223334;20.04.2022;150073640;36680;147386767.0;17111.0;986280;180;175851237;4298;115569;211;1759;25129341
223335;21.04.2022;150107180;33540;147402858.0;16091.0;986450;170;175890538;39301;1155889;199;1759;25129341
223336;22.04.2022;150136160;28980;;;986600;150;175924496;33958;1156065;176;1759;25129341
223337;23.04.2022;150162700;26540;147423229.0;;986760;160;175955594;31099;1156252;187;1759;25129341
223338;24.04.2022;150185470;22770;147426248.0;3019.0;986910;150;175982275;26681;1156428;176;1759;25129341
223339;25.04.2022;150211510;26040;147441608.0;15360.0;987060;150;176012788;30513;1156604;176;1759;25129341
223340;26.04.2022;150236620;25110;147455844.0;14236.0;987200;140;176042211;29423;1156768;164;1389;25129341
223341;27.04.2022;150261410;24790;147470087.0;14243.0;987360;160;176071259;29048;1156955;187;1389;25129341
223342;28.04.2022;150283970;22560;147482673.0;12586.0;987510;150;176097694;26435;1157131;176;1389;25129341
223343;29.04.2022;150303210;19240;147495274.0;12601.0;987600;90;176120239;22545;1157236;105;1389;25129341
223344;30.04.2022;150320930;17720;147498664.0;3390.0;987710;110;176141003;20764;1157365;129;1389;25129341
223345;1.05.2022;150335730;14800;147499821.0;1157.0;987830;120;176158345;17342;1157506;141;1389;25129341
223346;2.05.2022;150349170;13440;147501398.0;1577.0;987910;80;176174093;15749;11576;94;1389;25129341
223347;3.05.2022;150361100;11930;147503141.0;1743.0;988010;100;176188073;13979;1157717;117;1389;25129341
223348;4.05.2022;150372420;11320;147505412.0;2271.0;988080;70;176201337;13264;1157799;82;1389;25129341
223349;5.05.2022;150384950;12530;147520160.0;14748.0;988190;110;176216019;14682;1157928;129;1389;25129341
223350;6.05.2022;150402380;17430;147536047.0;15887.0;988260;70;176236443;20424;115801;82;1389;25129341
223351;7.05.2022;150418990;16610;147540208.0;4161.0;988370;110;176255906;19463;1158139;129;1389;25129341
223352;8.05.2022;150433790;14800;147542401.0;2193.0;988460;90;176273248;17342;1158244;105;1389;25129341
223353;9.05.2022;150449210;15420;147560229.0;17828.0;988540;80;176291317;18069;1158338;94;1389;25129341
223354;10.05.2022;150467790;18580;147576861.0;16632.0;988610;70;176313088;21771;115842;82;1389;25129341
223355;11.05.2022;150484490;16700;147592145.0;15284.0;988700;90;176332657;19568;1158525;105;1389;25129341
223356;12.05.2022;150502270;17780;147606278.0;14133.0;988780;80;176353491;20834;1158619;94;1389;25129341
223357;13.05.2022;150517610;15340;147620847.0;14569.0;988850;70;176371466;17975;1158701;82;1389;25129341
223358;14.05.2022;150531680;14070;147623608.0;2761.0;988900;50;176387953;16487;115876;59;1389;25129341
223359;15.05.2022;150543220;11540;147625535.0;1927.0;989000;100;176401475;13522;1158877;117;1389;25129341
223360;16.05.2022;150555760;12540;147638328.0;12793.0;989040;40;176416169;14694;1158924;47;1389;25129341
223361;17.05.2022;150571840;16080;147650166.0;11838.0;989110;70;176435011;18842;1159006;82;1389;25129341
223362;18.05.2022;150586270;14430;147661034.0;10868.0;989140;30;176451919;16909;1159041;35;1389;25129341
223363;19.05.2022;150601120;14850;147663432.0;2398.0;989180;40;17646932;17401;1159088;47;1389;25129341
223364;20.05.2022;150601120;0;;;989180;0;17646932;0;1159088;0;1389;25129341
223365;21.05.2022;150623930;22810;147677323.0;;989250;70;176496048;26728;115917;82;1389;25129341
223366;22.05.2022;150632980;9050;147678580.0;1257.0;989300;50;176506652;10604;1159228;59;1389;25129341
223367;23.05.2022;150642200;9220;147687693.0;9113.0;989330;30;176517456;10804;1159264;35;1389;25129341
223368;24.05.2022;150655240;13040;147697010.0;9317.0;989390;60;176532736;1528;1159334;7;1389;25129341
223369;25.05.2022;150667840;12600;147705146.0;8136.0;989430;40;1765475;14764;1159381;47;1389;25129341
223370;26.05.2022;150680940;13100;147711493.0;6347.0;989480;50;17656285;1535;1159439;59;1389;25129341
223371;27.05.2022;150690340;9400;147717865.0;6372.0;989520;40;176573865;11015;1159486;47;1389;25129341
223372;28.05.2022;150700000;9660;147719809.0;1944.0;989550;30;176585184;11319;1159521;35;1389;25129341
223373;29.05.2022;150708640;8640;147720907.0;1098.0;989570;20;176595308;10124;1159545;23;1389;25129341
223374;30.05.2022;150717720;9080;147728185.0;7278.0;989610;40;176605948;1064;1159592;47;1389;25129341
223375;31.05.2022;150727470;9750;147734958.0;6773.0;989650;40;176617373;11425;1159639;47;1389;25129341
223376;1.06.2022;150727470;0;;;989650;0;176617373;0;1159639;0;1111;25129341
223377;2.06.2022;150727470;0;;;989650;0;176617373;0;1159639;0;1111;25129341
223378;3.06.2022;150727470;0;;;989650;0;176617373;0;1159639;0;1111;25129341
223379;4.06.2022;150727470;0;;;989650;0;176617373;0;1159639;0;1111;25129341
223380;5.06.2022;150781860;54390;;;989760;110;176681105;63732;1159767;129;1111;25129341
223381;6.06.2022;150781860;0;;;989760;0;176681105;0;1159767;0;1111;25129341
223382;7.06.2022;150781860;0;;;989760;0;176681105;0;1159767;0;1111;25129341
223383;8.06.2022;150781860;0;;;989760;0;176681105;0;1159767;0;1111;25129341
223384;9.06.2022;150781860;0;;;989760;0;176681105;0;1159767;0;1111;25129341
223385;10.06.2022;150781860;0;;;989760;0;176681105;0;1159767;0;1111;25129341
223386;11.06.2022;150781860;0;;;989760;0;176681105;0;1159767;0;1111;25129341
223387;12.06.2022;150781860;0;;;989760;0;176681105;0;1159767;0;1111;25129341
223388;13.06.2022;150781860;0;147781738.0;;989760;0;176681105;0;1159767;0;1111;25129341
223389;14.06.2022;150857420;75560;147785589.0;3851.0;989960;200;176769644;88539;1160002;234;1111;25129341
223390;15.06.2022;150857420;0;147789639.0;4050.0;989960;0;176769644;0;1160002;0;1111;25129341
223391;16.06.2022;150857420;0;147792806.0;3167.0;989960;0;176769644;0;1160002;0;1111;25129341
223392;17.06.2022;150857420;0;147796295.0;3489.0;989960;0;176769644;0;1160002;0;1111;25129341
223393;18.06.2022;150857420;0;147797138.0;843.0;989960;0;176769644;0;1160002;0;1111;25129341
223394;19.06.2022;150857420;0;147797537.0;399.0;989960;0;176769644;0;1160002;0;1111;25129341
223395;20.06.2022;150857420;0;147800941.0;3404.0;989960;0;176769644;0;1160002;0;1111;25129341
223396;21.06.2022;150857420;0;147804002.0;3061.0;989960;0;176769644;0;1160002;0;1111;25129341
223397;22.06.2022;150857420;0;147807384.0;3382.0;989960;0;176769644;0;1160002;0;1111;25129341
223398;23.06.2022;150857420;0;147810465.0;3081.0;989960;0;176769644;0;1160002;0;1111;25129341
223399;24.06.2022;150857420;0;147813734.0;3269.0;989960;0;176769644;0;1160002;0;1111;25129341
223400;25.06.2022;150857420;0;147814534.0;800.0;989960;0;176769644;0;1160002;0;1111;25129341
223401;26.06.2022;150857420;0;;;989960;0;176769644;0;1160002;0;1111;25129341
223402;27.06.2022;150966960;109540;147818598.0;;990150;190;176897999;128355;1160224;223;1111;25129341
223403;28.06.2022;150966960;0;147822027.0;3429.0;990150;0;176897999;0;1160224;0;1111;25129341
223404;29.06.2022;151233310;266350;147825439.0;3412.0;990320;170;177210099;3121;1160424;199;1111;25129341
223405;30.06.2022;151233310;0;147828801.0;3362.0;990320;0;177210099;0;1160424;0;1111;25129341
223406;1.07.2022;151233310;0;;;990320;0;177210099;0;1160424;0;1111;25129341
223407;2.07.2022;151233310;0;147833636.0;;990320;0;177210099;0;1160424;0;1111;25129341
223408;3.07.2022;151233310;0;147834278.0;642.0;990320;0;177210099;0;1160424;0;1111;25129341
223409;4.07.2022;151804440;571130;147839557.0;5279.0;990570;250;17787933;669231;1160717;293;1111;25129341
223410;5.07.2022;151804440;0;147844749.0;5192.0;990570;0;17787933;0;1160717;0;1111;25129341
223411;6.07.2022;151804440;0;147851838.0;7089.0;990570;0;17787933;0;1160717;0;1111;25129341
223412;7.07.2022;151804440;0;147857274.0;5436.0;990570;0;17787933;0;1160717;0;1111;25129341
223413;8.07.2022;151804440;0;;;990570;0;17787933;0;1160717;0;1111;25129341
223414;9.07.2022;151804440;0;147861309.0;;990570;0;17787933;0;1160717;0;1111;25129341
223415;10.07.2022;151804440;0;147875499.0;14190.0;990570;0;17787933;0;1160717;0;1111;25129341
223416;11.07.2022;151804440;0;147935562.0;60063.0;990570;0;17787933;0;1160717;0;1111;25129341
223417;12.07.2022;151804440;0;148020063.0;84501.0;990570;0;17787933;0;1160717;0;1111;25129341
223418;13.07.2022;152975390;1170950;148117265.0;97202.0;990880;310;17925141;137208;116108;363;1111;25129341
223419;14.07.2022;152975390;0;148218087.0;100822.0;990880;0;17925141;0;116108;0;1111;25129341
223420;15.07.2022;152975390;0;148309125.0;91038.0;990880;0;17925141;0;116108;0;1111;25129341
223421;16.07.2022;152975390;0;148376835.0;67710.0;990880;0;17925141;0;116108;0;1111;25129341
223422;17.07.2022;152975390;0;148434633.0;57798.0;990880;0;17925141;0;116108;0;1111;25129341
223423;18.07.2022;152975390;0;148603312.0;168679.0;990880;0;17925141;0;116108;0;1111;25129341
223424;19.07.2022;152975390;0;148803395.0;200083.0;990880;0;17925141;0;116108;0;1111;25129341
223425;20.07.2022;155240710;2265320;149016479.0;213084.0;991840;960;181905835;2654426;1162205;1125;1111;25129341
223426;21.07.2022;155240710;0;149219611.0;203132.0;991840;0;181905835;0;1162205;0;1111;25129341
223427;22.07.2022;155240710;0;149440133.0;220522.0;991840;0;181905835;0;1162205;0;1111;25129341
223428;23.07.2022;155240710;0;149510602.0;70469.0;991840;0;181905835;0;1162205;0;1111;25129341
223429;24.07.2022;155240710;0;149563323.0;52721.0;991840;0;181905835;0;1162205;0;1111;25129341
223430;25.07.2022;155240710;0;149772979.0;209656.0;991840;0;181905835;0;1162205;0;1111;25129341
223431;26.07.2022;155240710;0;149964366.0;191387.0;991840;0;181905835;0;1162205;0;1111;25129341
223432;27.07.2022;155240710;0;150142703.0;178337.0;991840;0;181905835;0;1162205;0;1111;25129341
223433;28.07.2022;155240710;0;150301720.0;159017.0;991840;0;181905835;0;1162205;0;1111;25129341
223434;29.07.2022;158894950;3654240;150453133.0;151413.0;993410;1570;186187751;4281915;1164044;184;1111;25129341
223435;30.07.2022;158894950;0;150496193.0;43060.0;993410;0;186187751;0;1164044;0;1111;25129341
223436;31.07.2022;158894950;0;150530369.0;34176.0;993410;0;186187751;0;1164044;0;1111;25129341
223437;1.08.2022;158894950;0;150662956.0;132587.0;993410;0;186187751;0;1164044;0;1111;25129341
223438;2.08.2022;158894950;0;150781180.0;118224.0;993410;0;186187751;0;1164044;0;1111;25129341
223439;3.08.2022;158894950;0;150892690.0;111510.0;993410;0;186187751;0;1164044;0;1111;25129341
223440;4.08.2022;158894950;0;150990977.0;98287.0;993410;0;186187751;0;1164044;0;1111;25129341
223441;5.08.2022;158894950;0;151089853.0;98876.0;993410;0;186187751;0;1164044;0;1111;25129341
223442;6.08.2022;162958170;4063220;151114930.0;25077.0;996780;3370;190948895;4761144;1167993;3949;1111;25129341
223443;7.08.2022;162958170;0;151133348.0;18418.0;996780;0;190948895;0;1167993;0;1111;25129341
223444;8.08.2022;162958170;0;151222037.0;88689.0;996780;0;190948895;0;1167993;0;1111;25129341
223445;9.08.2022;162958170;0;151300951.0;78914.0;996780;0;190948895;0;1167993;0;1111;25129341
223446;10.08.2022;162958170;0;151377524.0;76573.0;996780;0;190948895;0;1167993;0;1111;25129341
223447;11.08.2022;162958170;0;151449592.0;72068.0;996780;0;190948895;0;1167993;0;1111;25129341
223448;12.08.2022;162958170;0;151523007.0;73415.0;996780;0;190948895;0;1167993;0;1111;25129341
223449;13.08.2022;162958170;0;151541132.0;18125.0;996780;0;190948895;0;1167993;0;1111;25129341
223450;14.08.2022;162958170;0;151552957.0;11825.0;996780;0;190948895;0;1167993;0;1111;25129341
223451;15.08.2022;165280700;2322530;151610456.0;57499.0;1000580;3800;193670357;2721462;1172446;4453;1111;25129341
223452;16.08.2022;166718480;1437780;151661619.0;51163.0;1004000;3420;1953551;1684742;1176453;4007;1111;25129341
223453;17.08.2022;166718480;0;151708298.0;46679.0;1004000;0;1953551;0;1176453;0;1111;25129341
223454;18.08.2022;166718480;0;151749807.0;41509.0;1004000;0;1953551;0;1176453;0;1111;25129341
223455;19.08.2022;166718480;0;151787363.0;37556.0;1004000;0;1953551;0;1176453;0;1111;25129341
223456;20.08.2022;166718480;0;151796112.0;8749.0;1004000;0;1953551;0;1176453;0;1111;25129341
223457;21.08.2022;166718480;0;151802459.0;6347.0;1004000;0;1953551;0;1176453;0;1111;25129341
223458;22.08.2022;166718480;0;151836431.0;33972.0;1004000;0;1953551;0;1176453;0;1111;25129341
223459;23.08.2022;166718480;0;151869115.0;32684.0;1004000;0;1953551;0;1176453;0;1111;25129341
223460;24.08.2022;166718480;0;151899198.0;30083.0;1004000;0;1953551;0;1176453;0;1111;25129341
223461;25.08.2022;166718480;0;151924922.0;25724.0;1004000;0;1953551;0;1176453;0;1111;25129341
223462;26.08.2022;166718480;0;151951291.0;26369.0;1004000;0;1953551;0;1176453;0;1111;25129341
223463;27.08.2022;166718480;0;151957308.0;6017.0;1004000;0;1953551;0;1176453;0;1111;25129341
223464;28.08.2022;166718480;0;151961166.0;3858.0;1004000;0;1953551;0;1176453;0;1111;25129341
223465;29.08.2022;166718480;0;151984505.0;23339.0;1004000;0;1953551;0;1176453;0;1111;25129341
223466;30.08.2022;166718480;0;151989203.0;4698.0;1004000;0;1953551;0;1176453;0;1111;25129341
223467;31.08.2022;166718480;0;152010807.0;21604.0;1004000;0;1953551;0;1176453;0;1111;25129341
223468;1.09.2022;166718480;0;152031115.0;20308.0;1004000;0;1953551;0;1176453;0;1111;25129341
223469;2.09.2022;167518680;800200;152050973.0;19858.0;1006310;2310;196292747;937647;117916;2707;1111;25129341
223470;3.09.2022;167518680;0;152056551.0;5578.0;1006310;0;196292747;0;117916;0;1111;25129341
223471;4.09.2022;167977500;458820;152059687.0;3136.0;1008400;2090;196830377;53763;1181609;2449;1111;25129341
223472;5.09.2022;167977500;0;152077632.0;17945.0;1008400;0;196830377;0;1181609;0;1111;25129341
223473;6.09.2022;167977500;0;152094461.0;16829.0;1008400;0;196830377;0;1181609;0;1111;25129341
223474;7.09.2022;167977500;0;152110410.0;15949.0;1008400;0;196830377;0;1181609;0;1111;25129341
223475;8.09.2022;167977500;0;152125788.0;15378.0;1008400;0;196830377;0;1181609;0;1111;25129341
223476;9.09.2022;167977500;0;152140261.0;14473.0;1008400;0;196830377;0;1181609;0;1111;25129341
223477;10.09.2022;167977500;0;152143933.0;3672.0;1008400;0;196830377;0;1181609;0;1111;25129341
223478;11.09.2022;168299410;321910;152146127.0;2194.0;1009790;1390;19720758;377203;1183238;1629;1111;25129341
223479;12.09.2022;168523820;224410;152158566.0;12439.0;1010680;890;197470536;262956;1184281;1043;1111;25129341
223480;13.09.2022;168523820;0;152170810.0;12244.0;1010680;0;197470536;0;1184281;0;1111;25129341
223481;14.09.2022;168523820;0;152183121.0;12311.0;1010680;0;197470536;0;1184281;0;1111;25129341
223482;15.09.2022;168523820;0;152194025.0;10904.0;1010680;0;197470536;0;1184281;0;1111;25129341
223483;16.09.2022;168523820;0;152204324.0;10299.0;1010680;0;197470536;0;1184281;0;1111;25129341
223484;17.09.2022;168523820;0;152207222.0;2898.0;1010680;0;197470536;0;1184281;0;1111;25129341
223485;18.09.2022;168523820;0;152209055.0;1833.0;1010680;0;197470536;0;1184281;0;1111;25129341
223486;19.09.2022;168523820;0;152220486.0;11431.0;1010680;0;197470536;0;1184281;0;1111;25129341
223487;20.09.2022;168523820;0;152230610.0;10124.0;1010680;0;197470536;0;1184281;0;1111;25129341
223488;21.09.2022;168523820;0;152240857.0;10247.0;1010680;0;197470536;0;1184281;0;1111;25129341
223489;22.09.2022;168523820;0;152250192.0;9335.0;1010680;0;197470536;0;1184281;0;1111;25129341
223490;23.09.2022;168523820;0;152259900.0;9708.0;1010680;0;197470536;0;1184281;0;1111;25129341
223491;24.09.2022;168737930;214110;152262747.0;2847.0;1011390;710;197721423;250887;1185113;832;1111;25129341
223492;25.09.2022;168737930;0;152264336.0;1589.0;1011390;0;197721423;0;1185113;0;1111;25129341
223493;26.09.2022;168737930;0;152274590.0;10254.0;1011390;0;197721423;0;1185113;0;1111;25129341
223494;27.09.2022;168737930;0;152284195.0;9605.0;1011390;0;197721423;0;1185113;0;1111;25129341
223495;28.09.2022;168737930;0;152294946.0;10751.0;1011390;0;197721423;0;1185113;0;1111;25129341
223496;29.09.2022;168737930;0;152305100.0;10154.0;1011390;0;197721423;0;1185113;0;1111;25129341
223497;30.09.2022;168737930;0;152315295.0;10195.0;1011390;0;197721423;0;1185113;0;1111;25129341
223498;1.10.2022;168737930;0;152317553.0;2258.0;1011390;0;197721423;0;1185113;0;1111;25129341
223499;2.10.2022;168737930;0;152318861.0;1308.0;1011390;0;197721423;0;1185113;0;1111;25129341
223500;3.10.2022;168737930;0;152329103.0;10242.0;1011390;0;197721423;0;1185113;0;1111;25129341
223501;4.10.2022;168737930;0;152338569.0;9466.0;1011390;0;197721423;0;1185113;0;1111;25129341
223502;5.10.2022;168737930;0;152347744.0;9175.0;1011390;0;197721423;0;1185113;0;1111;25129341
223503;6.10.2022;168737930;0;152355645.0;7901.0;1011390;0;197721423;0;1185113;0;1111;25129341
223504;7.10.2022;168737930;0;152363561.0;7916.0;1011390;0;197721423;0;1185113;0;1111;25129341
223505;8.10.2022;168737930;0;152365572.0;2011.0;1011390;0;197721423;0;1185113;0;1111;25129341
223506;9.10.2022;168965220;227290;152366798.0;1226.0;1011790;400;197987754;266331;1185581;469;1111;25129341
223507;10.10.2022;169196380;231160;152374837.0;8039.0;1012030;240;198258619;270866;1185863;281;1111;25129341
223508;11.10.2022;169196380;0;152381745.0;6908.0;1012030;0;198258619;0;1185863;0;1111;25129341
223509;12.10.2022;169196380;0;;;1012030;0;198258619;0;1185863;0;1111;25129341
223510;13.10.2022;169196380;0;152396067.0;;1012030;0;198258619;0;1185863;0;1111;25129341
223511;14.10.2022;169196380;0;152402737.0;6670.0;1012030;0;198258619;0;1185863;0;1111;25129341
223512;15.10.2022;169196380;0;152404335.0;1598.0;1012030;0;198258619;0;1185863;0;1111;25129341
223513;16.10.2022;169196380;0;152405372.0;1037.0;1012030;0;198258619;0;1185863;0;1111;25129341
223514;17.10.2022;169196380;0;152412690.0;7318.0;1012030;0;198258619;0;1185863;0;1111;25129341
223515;18.10.2022;169196380;0;152419471.0;6781.0;1012030;0;198258619;0;1185863;0;1111;25129341
223516;19.10.2022;169196380;0;152425561.0;6090.0;1012030;0;198258619;0;1185863;0;1111;25129341
223517;20.10.2022;169196380;0;152431317.0;5756.0;1012030;0;198258619;0;1185863;0;1111;25129341
223518;21.10.2022;169196380;0;152437381.0;6064.0;1012030;0;198258619;0;1185863;0;1111;25129341
223519;22.10.2022;169196380;0;152438632.0;1251.0;1012030;0;198258619;0;1185863;0;1111;25129341
223520;23.10.2022;169196380;0;152439487.0;855.0;1012030;0;198258619;0;1185863;0;1111;25129341
223521;24.10.2022;169196380;0;152445442.0;5955.0;1012030;0;198258619;0;1185863;0;1111;25129341
223522;25.10.2022;169196380;0;152450818.0;5376.0;1012030;0;198258619;0;1185863;0;1111;25129341
223523;26.10.2022;169196380;0;152455950.0;5132.0;1012030;0;198258619;0;1185863;0;1111;25129341
223524;27.10.2022;169196380;0;152461142.0;5192.0;1012030;0;198258619;0;1185863;0;1111;25129341
223525;28.10.2022;169196380;0;152464422.0;3280.0;1012030;0;198258619;0;1185863;0;1111;25129341
223526;29.10.2022;169196380;0;152465212.0;790.0;1012030;0;198258619;0;1185863;0;1111;25129341
223527;30.10.2022;169196380;0;;;1012030;0;198258619;0;1185863;0;1111;25129341
223528;31.10.2022;169196380;0;152469836.0;;1012030;0;198258619;0;1185863;0;1111;25129341
223529;1.11.2022;169196380;0;152475057.0;5221.0;1012030;0;198258619;0;1185863;0;1111;25129341
223530;2.11.2022;169196380;0;;;1012030;0;198258619;0;1185863;0;1111;25129341
223531;3.11.2022;169196380;0;;;1012030;0;198258619;0;1185863;0;1111;25129341
223532;4.11.2022;169196380;0;;;1012030;0;198258619;0;1185863;0;1111;25129341
223533;5.11.2022;169196380;0;;;1012030;0;198258619;0;1185863;0;1111;25129341
223534;6.11.2022;169196380;0;;;1012030;0;198258619;0;1185863;0;1111;25129341
223535;7.11.2022;169196380;0;;;1012030;0;198258619;0;1185863;0;1111;25129341
223536;8.11.2022;169196380;0;;;1012030;0;198258619;0;1185863;0;1111;25129341
223537;9.11.2022;169196380;0;;;1012030;0;198258619;0;1185863;0;1111;25129341
223538;10.11.2022;169196380;0;;;1012030;0;198258619;0;1185863;0;1111;25129341
223539;11.11.2022;169196380;0;;;1012030;0;198258619;0;1185863;0;1111;25129341
223540;12.11.2022;169196380;0;;;1012030;0;198258619;0;1185863;0;1111;25129341
223541;13.11.2022;169196380;0;;;1012030;0;198258619;0;1185863;0;1111;25129341
223542;14.11.2022;169196380;0;;;1012030;0;198258619;0;1185863;0;1111;25129341
223543;15.11.2022;169196380;0;;;1012030;0;198258619;0;1185863;0;1111;25129341
223544;16.11.2022;169196380;0;;;1012030;0;198258619;0;1185863;0;1111;25129341
223545;17.11.2022;169196380;0;;;1012030;0;198258619;0;1185863;0;1111;25129341
223546;18.11.2022;169196380;0;;;1012030;0;198258619;0;1185863;0;1111;25129341
223547;19.11.2022;169196380;0;;;1012030;0;198258619;0;1185863;0;1111;25129341
223548;20.11.2022;169196380;0;;;1012030;0;198258619;0;1185863;0;1111;25129341
223549;21.11.2022;169196380;0;;;1012030;0;198258619;0;1185863;0;1111;25129341
223550;22.11.2022;169196380;0;152543341.0;;1012030;0;198258619;0;1185863;0;1111;25129341
223551;23.11.2022;169196380;0;;;1012030;0;198258619;0;1185863;0;1111;25129341
223552;24.11.2022;169196380;0;;;1012030;0;198258619;0;1185863;0;1111;25129341
223553;25.11.2022;169196380;0;;;1012030;0;198258619;0;1185863;0;1111;25129341
223554;26.11.2022;169196380;0;;;1012030;0;198258619;0;1185863;0;1111;25129341
223555;27.11.2022;169196380;0;;;1012030;0;198258619;0;1185863;0;1111;25129341
223556;28.11.2022;169196380;0;;;1012030;0;198258619;0;1185863;0;1111;25129341
223557;29.11.2022;169196380;0;;;1012030;0;198258619;0;1185863;0;;25129341
223558;30.11.2022;169196380;0;;;1012030;0;198258619;0;1185863;0;;25129341
223559;1.12.2022;169196380;0;;;1012030;0;198258619;0;1185863;0;;25129341
223560;2.12.2022;169196380;0;;;1012030;0;198258619;0;1185863;0;;25129341
223561;3.12.2022;169196380;0;;;1012030;0;198258619;0;1185863;0;;25129341
223562;4.12.2022;169196380;0;;;1012030;0;198258619;0;1185863;0;;25129341
223563;5.12.2022;169196380;0;;;1012030;0;198258619;0;1185863;0;;25129341
223564;6.12.2022;169196380;0;;;1012030;0;198258619;0;1185863;0;;25129341
223565;7.12.2022;169196380;0;;;1012030;0;198258619;0;1185863;0;;25129341
223566;8.12.2022;169196380;0;;;1012030;0;198258619;0;1185863;0;;25129341
223567;9.12.2022;169196380;0;;;1012030;0;198258619;0;1185863;0;;25129341
223568;10.12.2022;169196380;0;;;1012030;0;198258619;0;1185863;0;;25129341
223569;11.12.2022;169196380;0;;;1012030;0;198258619;0;1185863;0;;25129341
223570;12.12.2022;169196380;0;;;1012030;0;198258619;0;1185863;0;;25129341
223571;13.12.2022;169196380;0;;;1012030;0;198258619;0;1185863;0;;25129341
223572;14.12.2022;169196380;0;;;1012030;0;198258619;0;1185863;0;;25129341
223573;15.12.2022;169196380;0;;;1012030;0;198258619;0;1185863;0;;25129341
223574;16.12.2022;169196380;0;;;1012030;0;198258619;0;1185863;0;;25129341
223575;17.12.2022;169196380;0;;;1012030;0;198258619;0;1185863;0;;25129341
223576;18.12.2022;169196380;0;;;1012030;0;198258619;0;1185863;0;;25129341
223577;19.12.2022;169196380;0;;;1012030;0;198258619;0;1185863;0;;25129341
223578;20.12.2022;169196380;0;;;1012030;0;198258619;0;1185863;0;;25129341
223579;21.12.2022;169196380;0;;;1012030;0;198258619;0;1185863;0;;25129341
223580;22.12.2022;169196380;0;;;1012030;0;198258619;0;1185863;0;;25129341
